Steps,Policy/Entropy,Policy/Extrinsic Value Estimate,Policy/Curiosity Value Estimate,Losses/Value Loss,Losses/Policy Loss,Policy/Learning Rate,Losses/Curiosity Forward Loss,Losses/Curiosity Inverse Loss,Environment/Episode Length,Environment/Cumulative Reward,Policy/Extrinsic Reward,Policy/Curiosity Reward,Is Training
10000,2.1778984,-0.31833237,0.10548899,0.32524648,0.1043142,9.998675e-05,0.09716579,1.3513539,168.11111111111111,-3.7033312368392943,-3.7033312368392943,0.16092513114213944,1.0
20000,2.0787044,-0.40302905,0.13476226,0.5120407,0.103882566,9.996198e-05,0.16373058,0.6347824,61.943661971830984,2.644043688904749,2.644043688904749,0.134801613192444,1.0
30000,1.8895173,-0.48197433,0.19172058,0.26743507,0.10152078,9.993806e-05,0.1690426,0.8698065,76.025,1.4196526668965816,1.4196526668965816,0.1615606177248992,1.0
40000,1.7030634,0.022580765,0.24258295,0.37021524,0.09795455,9.991333e-05,0.18241204,0.5735823,47.49264705882353,2.5410843315854,2.5410843315854,0.0937157714002724,1.0
50000,1.5516921,0.50031126,0.29415795,0.6361749,0.09794064,9.988774e-05,0.17235455,0.37457865,48.63157894736842,3.404687937220623,3.404687937220623,0.08189296691903267,1.0
60000,1.5555776,0.6760097,0.29429072,0.31897345,0.09938683,9.986291e-05,0.16844568,0.48192286,47.2962962962963,2.774334295609287,2.774334295609287,0.07275528822390136,1.0
70000,1.575479,1.6250368,0.35163113,0.444354,0.09803837,9.983663e-05,0.1164517,0.33591846,34.31363636363636,4.0204555593195,4.0204555593195,0.04296293965334334,1.0
80000,1.5357943,2.0896323,0.3485394,0.46680564,0.099758945,9.981055e-05,0.11831707,0.2622997,35.986111111111114,4.178737267016251,4.178737267016251,0.04347687445811614,1.0
90000,1.557786,2.1983187,0.40469214,0.2840264,0.09451128,9.978717e-05,0.089219436,0.172699,26.173267326732674,3.2426706502590275,3.2426706502590275,0.02481207332752755,1.0
100000,1.67243,2.4107268,0.43603402,0.21913075,0.09738411,9.976374e-05,0.06592505,0.13688654,29.633587786259543,3.239261610426377,3.239261610426377,0.022406603128227898,1.0
110000,1.6557227,2.3512557,0.45527482,0.2471085,0.109134756,9.973765e-05,0.107723,0.2199038,33.39819004524887,3.390417900952426,3.390417900952426,0.036853463666259564,1.0
120000,1.7046018,1.3286444,0.33510262,0.27558154,0.094393,9.971119e-05,0.111868545,0.18718725,93.1358024691358,1.8612935410605536,1.8612935410605536,0.1217499750200659,1.0
130000,1.6579626,1.5507545,0.62683105,0.24192849,0.095597334,9.968689e-05,0.06485235,0.13070238,78.96907216494846,2.660511797788192,2.660511797788192,0.059106550583311795,1.0
140000,1.582572,1.6168618,0.9273657,0.2500108,0.09366079,9.9663484e-05,0.08691304,0.1258392,85.91666666666667,2.3045074161556034,2.3045074161556034,0.08120067397572307,1.0
150000,1.4432766,1.3654909,1.1207533,0.23127551,0.10454587,9.9637095e-05,0.10676378,0.14029543,116.91428571428571,1.6090120200599942,1.6090120200599942,0.16460847323760391,1.0
160000,1.4310955,1.6596314,1.638996,0.24325986,0.09391312,9.961028e-05,0.06397266,0.10299778,76.7378640776699,2.9024676023756415,2.9024676023756415,0.0463561644388851,1.0
170000,1.5234809,1.946544,2.209365,0.23833822,0.099309824,9.958677e-05,0.06103943,0.13623638,80.96638655462185,2.938659630337004,2.938659630337004,0.052783298266704304,1.0
180000,1.4570826,2.0020363,2.6739464,0.24369565,0.09965192,9.9563134e-05,0.06716772,0.1114281,88.62105263157895,2.883146019652486,2.883146019652486,0.05721619243558962,1.0
190000,1.4860989,1.6200304,2.7131798,0.38250166,0.09318858,9.953677e-05,0.067218415,0.116658285,80.21296296296296,2.155394959672589,2.155394959672589,0.0686239861213019,1.0
200000,1.4753171,1.6973579,3.1098547,0.31991687,0.090185404,9.951085e-05,0.05532222,0.102278516,83.43396226415095,2.2626299917135597,2.2626299917135597,0.053014646539078,1.0
210000,1.4809508,1.9211031,3.6815946,0.31505397,0.09922516,9.948766e-05,0.048997045,0.09072879,65.225,3.2462490598360696,3.2462490598360696,0.03264684537910701,1.0
220000,1.5094475,1.8641242,3.9279897,0.35841703,0.10220661,9.94644e-05,0.056420296,0.10628988,81.10317460317461,2.721779431852083,2.721779431852083,0.05021586104310931,1.0
230000,1.4414531,2.6485755,5.033433,0.62538254,0.09462271,9.9438614e-05,0.04315808,0.082744576,49.35195530726257,3.70865738954809,3.70865738954809,0.02669350130793949,1.0
240000,1.3339955,2.8973055,5.9029503,0.75019336,0.10444275,9.941282e-05,0.05094718,0.11090118,49.38418079096045,3.50299569324585,3.50299569324585,0.02817877332053784,1.0
250000,1.3185637,2.6091623,6.499183,0.6263224,0.097407535,9.938652e-05,0.043785285,0.084705554,57.12738853503185,4.0126742370999775,4.0126742370999775,0.029558372534572695,1.0
260000,1.2629676,2.6047668,6.497109,0.80753785,0.10426904,9.936071e-05,0.07589728,0.11630932,60.4527027027027,3.130730870607737,3.130730870607737,0.0534833276084297,1.0
270000,1.2786709,2.5129888,7.4839964,0.9352854,0.10017488,9.9336874e-05,0.041570283,0.08249033,52.65573770491803,2.9451014551779497,2.9451014551779497,0.028269924070311547,1.0
280000,1.293132,1.9922762,7.3056393,0.7872712,0.10344094,9.931348e-05,0.051297862,0.088875435,62.7956204379562,2.238310032907654,2.238310032907654,0.03428675008335096,1.0
290000,1.2815444,1.8043323,7.307769,0.95683175,0.09910031,9.928698e-05,0.047079362,0.06736217,71.0546875,2.3715237457622855,2.3715237457622855,0.037245713399954195,1.0
300000,1.2216533,1.738281,7.6614084,1.0569643,0.100765646,9.9260986e-05,0.038536698,0.06583886,66.16326530612245,2.083130228192839,2.083130228192839,0.026326859066875218,1.0
310000,1.247879,2.010994,8.063865,0.88051254,0.1004713,9.9237805e-05,0.061040796,0.09272493,73.45038167938931,3.237547083210399,3.237547083210399,0.04609469511992305,1.0
320000,1.2981768,2.603651,8.54129,0.9369596,0.09836749,9.921447e-05,0.02871045,0.06058998,53.832402234636874,3.7120689506637317,3.7120689506637317,0.019307840491941605,1.0
330000,1.1937674,3.0306158,9.907247,0.9174918,0.09904382,9.91883e-05,0.040804047,0.1126924,43.23451327433628,3.4647521935733017,3.4647521935733017,0.01766889455596364,1.0
340000,1.043654,2.4517624,10.14303,1.1508071,0.10028992,9.916185e-05,0.042555634,0.060190618,48.0,2.8660154670811773,2.8660154670811773,0.02039084734337593,1.0
350000,1.0258023,2.6954231,11.443392,1.1094764,0.089873865,9.913589e-05,0.029426698,0.049266126,46.03669724770642,3.3717071449537888,3.3717071449537888,0.015397866309936578,1.0
360000,1.0749309,2.474116,11.523991,1.5263625,0.097788885,9.91103e-05,0.033411566,0.056488313,44.349514563106794,2.6306517488748122,2.6306517488748122,0.016939508081052126,1.0
370000,1.0412741,2.0811493,10.9543085,1.3461298,0.09801844,9.9087054e-05,0.044338673,0.06654371,63.05921052631579,2.641760143402376,2.641760143402376,0.030697078957210147,1.0
380000,1.0809081,2.0410104,11.765371,1.738456,0.09566976,9.906356e-05,0.046329282,0.082994066,51.328125,2.3697804524710304,2.3697804524710304,0.02590725548982032,1.0
390000,1.0069706,2.33982,12.711668,1.9136703,0.09824329,9.903768e-05,0.03881398,0.05911405,47.52020202020202,2.7981922775506973,2.7981922775506973,0.02014925785828382,1.0
400000,0.9780235,2.4662807,14.010163,1.9301325,0.10161084,9.901207e-05,0.04376021,0.05467043,42.955156950672645,2.8997384542306976,2.8997384542306976,0.02097957465310076,1.0
410000,0.92336416,2.2884812,14.0955305,2.088218,0.09296685,9.898646e-05,0.03540162,0.048074517,49.652849740932645,2.3907742991889873,2.3907742991889873,0.019733985239092606,1.0
420000,0.9157447,2.2724836,15.240847,1.8339533,0.09601189,9.896075e-05,0.026110921,0.039512295,47.07,3.416311453934291,3.416311453934291,0.013300982646728356,1.0
430000,0.952797,2.581595,15.434781,2.5075026,0.092078075,9.893745e-05,0.048273705,0.07127978,59.899371069182386,3.110972502696439,3.110972502696439,0.03278703560376153,1.0
440000,0.9380984,2.1308959,15.765162,3.2600021,0.09852928,9.891379e-05,0.03094336,0.04073115,48.557291666666664,2.369100338745611,2.369100338745611,0.01537773016854696,1.0
450000,0.89212847,2.7428825,17.785318,3.2877545,0.09797074,9.8888064e-05,0.02350173,0.035239924,46.56666666666667,3.6199888852224396,3.6199888852224396,0.010272674945419271,1.0
460000,0.87297255,3.0333216,18.652563,3.4064546,0.10048914,9.886247e-05,0.028315648,0.04962464,37.13962264150943,3.2575535686510912,3.2575535686510912,0.012304833573113494,1.0
470000,0.85486454,2.4579997,18.644854,3.1658134,0.098091796,9.883671e-05,0.043235824,0.050914813,43.81651376146789,2.7242993778045026,2.7242993778045026,0.019963505725940228,1.0
480000,0.91690975,2.150357,18.738733,3.814696,0.10604004,9.8811186e-05,0.037550658,0.043681953,48.88,2.228183418214321,2.228183418214321,0.02248239198932424,1.0
490000,0.9017734,2.0282304,19.97141,3.1379135,0.09876804,9.8785546e-05,0.023500126,0.033118557,56.605095541401276,2.267316825830253,2.267316825830253,0.012321612223757395,1.0
500000,0.9557524,1.1054294,16.63928,3.4003885,0.097158656,9.8762204e-05,0.044878464,0.06971875,104.4367816091954,0.8656703795899044,0.8656703795899044,0.054756079453826795,1.0
510000,0.8974776,1.7094976,19.456749,3.1880302,0.097441,9.8738856e-05,0.035729967,0.06835374,82.72566371681415,2.6999890421118056,2.6999890421118056,0.030049410282767246,1.0
520000,0.91573733,1.7987334,19.329058,4.2999787,0.10373739,9.8713106e-05,0.03796033,0.054871738,80.45454545454545,2.1025959474981324,2.1025959474981324,0.0365452335749114,1.0
530000,0.91177183,1.3799589,17.694931,4.5591154,0.09735579,9.868733e-05,0.039589904,0.073059686,110.3076923076923,1.0487130269026146,1.0487130269026146,0.04469599971511903,1.0
540000,0.926934,1.3476115,20.005661,5.2007194,0.101471685,9.866338e-05,0.027084861,0.04184698,71.52212389380531,1.8624939291100753,1.8624939291100753,0.02023687226526243,1.0
550000,0.8937909,1.6593436,20.5944,5.1217194,0.09937908,9.863608e-05,0.036039583,0.066873655,97.63963963963964,2.572681386904283,2.572681386904283,0.03900964518966661,1.0
560000,0.8823207,1.7312603,20.634418,5.5934014,0.10255738,9.8612174e-05,0.035170197,0.045952246,70.87735849056604,2.474074644300173,2.474074644300173,0.024027573627876646,1.0
570000,0.90930146,1.498749,20.526995,7.1282105,0.0984356,9.858746e-05,0.024528429,0.030169005,94.57009345794393,1.7123749595936213,1.7123749595936213,0.02929853691467058,1.0
580000,0.8962744,1.5876913,21.686506,6.653643,0.09830374,9.856166e-05,0.02345777,0.035835497,70.20422535211267,2.0431213286561025,2.0431213286561025,0.015383428854631707,1.0
590000,0.8117053,1.7475196,23.82852,7.292325,0.09731343,9.853536e-05,0.029986773,0.03858761,71.28676470588235,2.062047894853745,2.062047894853745,0.024469891584726445,1.0
600000,0.8216761,1.4344682,22.425512,7.4007416,0.09220787,9.851222e-05,0.028883856,0.042238586,70.90082644628099,1.5916239351034165,1.5916239351034165,0.023557714646934378,1.0
610000,0.78941774,1.0199442,22.76348,7.9263253,0.099729046,9.8488774e-05,0.038336035,0.048650406,85.93805309734513,1.5359022569867362,1.5359022569867362,0.03279571249396993,1.0
620000,0.8065754,1.518519,24.85866,9.271065,0.102183595,9.846286e-05,0.019757766,0.017724602,62.22222222222222,2.1274179903169474,2.1274179903169474,0.014487348994912786,1.0
630000,0.7722313,1.8608913,26.614206,9.0403,0.0985802,9.843685e-05,0.018320229,0.012133854,74.2127659574468,2.9262976208899882,2.9262976208899882,0.013159679239021336,1.0
640000,0.747906,1.3965744,24.444536,10.375425,0.09821278,9.8410994e-05,0.02527093,0.029894564,63.53146853146853,1.0324799797751687,1.0324799797751687,0.01602739707560285,1.0
650000,0.7364347,1.1384151,25.124987,9.504,0.09480177,9.83879e-05,0.025860885,0.01784964,57.30246913580247,1.233538406498638,1.233538406498638,0.01625539436303999,1.0
660000,0.76359135,0.71315837,24.306816,8.155214,0.10545603,9.83647e-05,0.028174201,0.051985733,56.75,0.2235541103816614,0.2235541103816614,0.01694699762198824,1.0
670000,0.7500932,0.81067425,25.67551,13.04599,0.098340824,9.833892e-05,0.033212163,0.053731073,68.57142857142857,0.7818008905320656,0.7818008905320656,0.024047863348863843,1.0
680000,0.7667188,0.470484,25.350388,9.602515,0.094833985,9.831318e-05,0.026173979,0.042017557,62.35947712418301,0.5652243220492413,0.5652243220492413,0.018346824231373734,1.0
690000,0.77656144,0.96570736,26.751694,10.468167,0.10296092,9.828659e-05,0.027773362,0.025976354,63.02142857142857,1.5477243730000088,1.5477243730000088,0.018268476077355444,1.0
700000,0.7651324,0.9650079,26.472008,11.255585,0.10070411,9.826213e-05,0.024827596,0.023276124,64.48611111111111,0.8831345142989323,0.8831345142989323,0.017782903047567553,1.0
710000,0.8134937,1.1067502,27.332573,13.700732,0.09527353,9.8238e-05,0.022496896,0.029730335,62.77181208053691,0.24711368535016034,0.24711368535016034,0.01429219143500558,1.0
720000,0.74243325,1.2599663,29.107368,14.203664,0.09778079,9.821237e-05,0.036363803,0.04858598,73.93076923076923,1.6086833706268897,1.6086833706268897,0.030138855969282584,1.0
730000,0.78727025,1.1996785,29.1842,14.043015,0.10188554,9.8186116e-05,0.02718096,0.047069214,71.15789473684211,1.2227435721490616,1.2227435721490616,0.019466839744744443,1.0
740000,0.84736884,1.5229981,32.99821,15.553202,0.09787361,9.8162825e-05,0.019778972,0.037990347,72.82307692307693,1.6050389129381912,1.6050389129381912,0.017918172655201767,1.0
750000,0.8374017,2.176116,36.060764,14.998639,0.09296139,9.8139375e-05,0.019694677,0.040727865,62.467948717948715,3.3075371896609282,3.3075371896609282,0.01037955094421378,1.0
760000,0.8504354,2.278887,35.776157,15.9312105,0.09830342,9.8113516e-05,0.013706068,0.026432622,61.6375,2.6759202071705706,2.6759202071705706,0.009612105921520002,1.0
770000,0.9130493,2.0644042,34.789673,15.27518,0.10287235,9.8087956e-05,0.019951,0.045614757,70.62962962962963,2.013248810873312,2.013248810873312,0.016349564760115325,1.0
780000,0.8838206,1.6682862,36.061436,13.319705,0.095834054,9.80621e-05,0.023607519,0.03672842,63.516129032258064,1.8431153578142967,1.8431153578142967,0.01596955660084683,1.0
790000,0.8447358,1.8183812,37.31321,20.342804,0.098154604,9.803644e-05,0.02861858,0.04609085,66.26241134751773,2.3996308860203897,2.3996308860203897,0.018984896822746657,1.0
800000,0.86177534,1.5066003,36.08637,18.276356,0.0966601,9.801058e-05,0.025718153,0.053962983,64.29054054054055,1.8646231893725043,1.8646231893725043,0.01939165711890431,1.0
810000,0.843874,1.3141607,35.100117,20.557547,0.095180206,9.7987366e-05,0.027924962,0.049679622,66.34265734265735,1.1963733208011573,1.1963733208011573,0.019052364528966203,1.0
820000,0.82021403,1.4832946,38.125572,15.525488,0.09902032,9.796403e-05,0.029099684,0.062326293,70.28985507246377,1.6578060479267784,1.6578060479267784,0.021416791972866202,1.0
830000,0.83383036,1.8439436,41.407745,16.838821,0.10185981,9.793792e-05,0.01626295,0.029071659,58.398809523809526,2.578407844972043,2.578407844972043,0.010429034035214932,1.0
840000,0.8045981,2.0865672,41.84791,20.75734,0.09361087,9.791141e-05,0.01571442,0.02364922,62.07692307692308,2.31325707756556,2.31325707756556,0.009562360885469481,1.0
850000,0.8105087,1.5400237,39.249325,22.351025,0.09807907,9.788547e-05,0.019771948,0.027360369,65.68055555555556,1.3618383010228474,1.3618383010228474,0.014770250935624871,1.0
860000,0.8133819,1.1327302,39.676758,19.74521,0.09590636,9.7862154e-05,0.017506424,0.025881773,54.42372881355932,1.170303157784722,1.170303157784722,0.010160800048404119,1.0
870000,0.8221783,1.4797317,41.287277,20.39642,0.100318454,9.783864e-05,0.020936448,0.0353233,59.358024691358025,1.9325205127885736,1.9325205127885736,0.014293141673073356,1.0
880000,0.8406721,0.97528654,38.842045,17.782484,0.0995114,9.78122e-05,0.018288799,0.027611416,54.758823529411764,0.7512108767733855,0.7512108767733855,0.011975384835044251,1.0
890000,0.8268884,0.675745,38.504047,22.94842,0.095116034,9.7786215e-05,0.03310574,0.05593928,63.50967741935484,0.4898502875387279,0.4898502875387279,0.020112017278401242,1.0
900000,0.7324913,1.7541273,45.962677,24.690079,0.09672961,9.7762895e-05,0.02033322,0.02209241,63.21621621621622,2.440528755187988,2.440528755187988,0.01523866520728916,1.0
910000,0.7719832,2.0646079,46.913036,23.558575,0.096449144,9.773846e-05,0.025691932,0.032567747,79.624,2.9329690492153166,2.9329690492153166,0.021570172651670872,1.0
920000,0.79462594,2.2209558,49.97845,26.787502,0.0989082,9.7711825e-05,0.019537466,0.043902934,60.45859872611465,2.707581461614864,2.707581461614864,0.012275729706558358,1.0
930000,0.8376428,2.1415346,51.033485,18.3048,0.10200119,9.768609e-05,0.0148201855,0.024213204,62.96666666666667,2.898177363872528,2.898177363872528,0.010714802395862838,1.0
940000,0.82947034,1.7790941,48.39449,19.568127,0.10008462,9.766183e-05,0.023954168,0.041616302,69.26760563380282,1.6492632870942774,1.6492632870942774,0.020456677124815876,1.0
950000,0.7970273,1.3856101,49.292072,19.258184,0.09863262,9.7637916e-05,0.01932244,0.035306014,52.88397790055249,1.5737761041736076,1.5737761041736076,0.009069057256086262,1.0
960000,0.8053171,1.7042292,52.06206,22.844809,0.10233039,9.761216e-05,0.013550076,0.019167999,50.524064171122994,1.6210647542630472,1.6210647542630472,0.006859524117317051,1.0
970000,0.789609,1.5824077,52.412685,28.252422,0.095181875,9.758624e-05,0.018568518,0.03732906,58.864197530864196,1.440916822366188,1.440916822366188,0.01251905698020674,1.0
980000,0.78373,0.81847847,49.002983,22.240047,0.10082014,9.7560325e-05,0.030138183,0.036072254,54.20441988950276,0.7787087184289543,0.7787087184289543,0.01889817483462033,1.0
990000,0.7871385,1.4855583,54.188366,29.857311,0.09603731,9.753694e-05,0.01582173,0.020265069,55.825581395348834,1.569756971888764,1.569756971888764,0.010279419383360343,1.0
1000000,0.79376495,1.210595,51.621952,27.275578,0.10082611,9.751305e-05,0.021291487,0.046268724,64.05442176870748,1.288101050318504,1.288101050318504,0.013630129840402376,1.0
1010000,0.73343164,0.91794133,50.345596,24.482231,0.100181244,9.7486525e-05,0.022686152,0.031232044,59.7515923566879,1.257545825402448,1.257545825402448,0.015304677894303374,1.0
1020000,0.7015362,1.3869263,53.50411,38.244007,0.098961905,9.746295e-05,0.03186404,0.052525632,68.60992907801419,1.6670033614686195,1.6670033614686195,0.028217218505426685,1.0
1030000,0.7223262,1.5585041,53.721016,37.050823,0.09950378,9.7439406e-05,0.025115896,0.043862283,61.75471698113208,1.8368004687927053,1.8368004687927053,0.01795633896296103,1.0
1040000,0.72251457,1.3109913,53.31671,34.368565,0.0956189,9.741356e-05,0.01964411,0.033096325,52.774193548387096,1.0896354259983185,1.0896354259983185,0.00999991158499152,1.0
1050000,0.7269709,0.8724612,51.00443,32.23692,0.09933657,9.738791e-05,0.021910938,0.0504588,59.47826086956522,0.5774464707196869,0.5774464707196869,0.013389732454388594,1.0
1060000,0.7435498,0.6197088,52.487083,32.275646,0.09711072,9.736227e-05,0.01997432,0.030043608,57.16860465116279,0.5684819782889167,0.5684819782889167,0.012928023162774395,1.0
1070000,0.7317051,0.9654569,56.543026,35.876568,0.104458645,9.733658e-05,0.011726125,0.014079839,59.3433734939759,1.2093787254709185,1.2093787254709185,0.0076104844870948886,1.0
1080000,0.7305267,0.43739688,51.315258,47.665283,0.097158074,9.7310905e-05,0.022461887,0.029421398,57.648809523809526,0.4338809318796417,0.4338809318796417,0.015091458310720307,1.0
1090000,0.7725097,0.87206286,54.503567,39.29867,0.09406088,9.728737e-05,0.020417893,0.03986357,59.8780487804878,1.3646792445967837,1.3646792445967837,0.012697646258080878,1.0
1100000,0.7613233,1.5924807,59.39655,40.225887,0.09352405,9.726348e-05,0.019110387,0.042709008,68.97902097902097,1.974121900705191,1.974121900705191,0.015261696096366415,1.0
1110000,0.81144094,0.82632494,52.266598,38.85224,0.099160545,9.723768e-05,0.017250028,0.03546667,52.0,1.0282003174545944,1.0282003174545944,0.009076019935560243,1.0
1120000,0.789417,1.44619,59.333534,40.552803,0.10385068,9.721173e-05,0.014489768,0.027028855,59.90184049079755,1.7883909271984566,1.7883909271984566,0.00931322414402441,1.0
1130000,0.754387,1.360453,55.70099,32.929707,0.098875105,9.718556e-05,0.015173358,0.023454456,52.76571428571429,1.2967856190670495,1.2967856190670495,0.00849190380373413,1.0
1140000,0.7242658,1.4387468,59.744698,46.648136,0.09974943,9.7162134e-05,0.019806135,0.038002554,61.9559748427673,1.3696554775507945,1.3696554775507945,0.01253486213892253,1.0
1150000,0.7777282,1.199788,58.53456,39.73459,0.09353979,9.713856e-05,0.016432313,0.0336912,49.165,1.0527371623408255,1.0527371623408255,0.009474055959442958,1.0
1160000,0.7128185,1.4648303,61.44055,51.328712,0.103842095,9.711263e-05,0.025205204,0.037284743,62.62820512820513,1.5887707449068689,1.5887707449068689,0.017595752311431487,1.0
1170000,0.8131234,1.7152413,62.96241,41.885704,0.09812623,9.708681e-05,0.023382738,0.032660577,71.45864661654136,2.3848146361515936,2.3848146361515936,0.017602993692691558,1.0
1180000,0.78945655,0.59989357,53.01299,46.918686,0.089048594,9.706084e-05,0.02977163,0.045438133,52.84090909090909,0.1787330098450184,0.1787330098450184,0.0173757631253631,1.0
1190000,0.80117965,0.94321835,59.916344,33.91994,0.09442555,9.703732e-05,0.018068548,0.04404606,54.88505747126437,0.822688492550247,0.822688492550247,0.010673333921512568,1.0
1200000,0.74330544,1.2915989,64.35061,52.499443,0.09726699,9.7013624e-05,0.021900872,0.0352917,64.5374149659864,1.401550660733463,1.401550660733463,0.01481507169510409,1.0
1210000,0.7830137,0.9437509,62.814415,33.652725,0.09838605,9.698756e-05,0.013870748,0.02537649,51.65425531914894,0.7421274065340637,0.7421274065340637,0.008334984149162969,1.0
1220000,0.7719376,0.4941724,60.249775,60.473804,0.09732613,9.696126e-05,0.015874011,0.020317763,47.213592233009706,0.01325246967920443,0.01325246967920443,0.008191743636185803,1.0
1230000,0.7215372,1.1641577,67.47941,72.262405,0.09892164,9.6937976e-05,0.027646173,0.033195622,66.65068493150685,1.692800856208148,1.692800856208148,0.018861293706210484,1.0
1240000,0.6996307,1.2510068,65.821724,42.754566,0.09757779,9.691313e-05,0.022825718,0.03905616,63.23225806451613,1.080127146551686,1.080127146551686,0.019233095083355665,1.0
1250000,0.76252717,1.2643429,68.61444,43.48121,0.10793676,9.6887015e-05,0.016952295,0.03057776,57.80239520958084,1.658611517823385,1.658611517823385,0.008392721629272142,1.0
1260000,0.7944073,1.7500776,70.69662,28.773092,0.100384936,9.686097e-05,0.019638356,0.043150857,73.80152671755725,2.509086438262736,2.509086438262736,0.01727143787516313,1.0
1270000,0.76020235,1.4105738,66.15076,28.486872,0.10000355,9.6837655e-05,0.036403857,0.070958495,70.21538461538462,1.5900149008699955,1.5900149008699955,0.023110869570429977,1.0
1280000,0.73953855,1.8139349,71.466805,43.86766,0.1044085,9.681376e-05,0.02034291,0.027293285,64.7248322147651,2.394498619678858,2.394498619678858,0.014872332412680309,1.0
1290000,0.68322587,1.3853905,67.989784,38.951836,0.10125874,9.6787604e-05,0.014924729,0.02622279,56.801169590643276,1.3022884447672214,1.3022884447672214,0.00930838498126236,1.0
1300000,0.7167721,1.3102612,69.80173,39.706673,0.099275246,9.676151e-05,0.01478486,0.023750782,57.694117647058825,1.3572019608581767,1.3572019608581767,0.009994990938096582,1.0
1310000,0.71329194,1.7263356,76.32287,38.52182,0.10428754,9.673579e-05,0.014405549,0.03165679,60.03125,2.3969620794057844,2.3969620794057844,0.009941320439247647,1.0
1320000,0.7068841,1.901289,75.05121,46.40342,0.099066794,9.671205e-05,0.029010847,0.031305023,69.72222222222223,2.722494002402298,2.722494002402298,0.020899987368895784,1.0
1330000,0.7455421,1.7890422,74.790596,31.86491,0.105138086,9.668849e-05,0.019574152,0.028554449,60.47752808988764,1.7149496142473597,1.7149496142473597,0.0129376574081374,1.0
1340000,0.74443465,0.78025264,62.447964,41.214638,0.10310314,9.666272e-05,0.029110486,0.059631832,57.723270440251575,0.35041899950999134,0.35041899950999134,0.017363764652059816,1.0
1350000,0.74710906,0.46347114,63.763603,39.717297,0.0952165,9.663704e-05,0.026133144,0.04459954,51.43877551020408,0.06138805984234323,0.06138805984234323,0.014628413544340553,1.0
1360000,0.766366,0.45579275,67.20264,71.97139,0.0996696,9.661092e-05,0.03147678,0.053306647,56.20348837209303,0.02388782101559501,0.02388782101559501,0.020042113906292063,1.0
1370000,0.7803298,0.44144896,69.9175,41.63274,0.10335119,9.658775e-05,0.024791697,0.04483481,55.51204819277108,0.45258028976845016,0.45258028976845016,0.015505155877238422,1.0
1380000,0.7865051,1.2445635,74.65656,39.22301,0.09582171,9.656454e-05,0.025148433,0.04686365,61.43975903614458,1.90840480131347,1.90840480131347,0.016279900060021092,1.0
1390000,0.7776283,1.7023331,75.55058,35.93452,0.09864703,9.653847e-05,0.021590682,0.03404753,64.27083333333333,2.273104122706822,2.273104122706822,0.015163177956366075,1.0
1400000,0.81683695,2.031169,80.66547,35.680244,0.10184294,9.6512274e-05,0.015089248,0.026645645,60.538922155688624,2.5178489264953567,2.5178489264953567,0.01006910499291921,1.0
1410000,0.78150964,2.1059647,81.72106,64.568436,0.101945855,9.648559e-05,0.028460165,0.048726495,76.98425196850394,2.815104157905879,2.815104157905879,0.026807186228367978,1.0
1420000,0.7942794,1.7680336,76.18868,38.366592,0.091980174,9.6462296e-05,0.032082465,0.051110618,56.22857142857143,1.9402788414273944,1.9402788414273944,0.020762056172160166,1.0
1430000,0.7461846,1.7212129,75.61483,45.011906,0.097226284,9.643902e-05,0.022488479,0.0417545,62.062893081761004,2.304354857348796,2.304354857348796,0.01304924098405776,1.0
1440000,0.7321742,1.8193864,76.281494,31.638987,0.10543436,9.641323e-05,0.019328622,0.030771792,66.30555555555556,2.1362745352089405,2.1362745352089405,0.013522491597137155,1.0
1450000,0.69773155,1.6443543,76.053276,26.923748,0.09763803,9.638748e-05,0.024579177,0.022394592,56.16763005780347,2.060936656990492,2.060936656990492,0.014876703626740014,1.0
1460000,0.7377408,2.1384704,80.3223,20.589405,0.09973033,9.636184e-05,0.011755513,0.011763808,58.61904761904762,2.41728604833285,2.41728604833285,0.008414978413687399,1.0
1470000,0.68832153,1.3103015,70.50085,44.810043,0.099867426,9.633697e-05,0.028595477,0.025980461,64.49285714285715,0.8144865441829601,0.8144865441829601,0.019665874329235417,1.0
1480000,0.6983452,1.2842765,71.33783,41.69497,0.09835486,9.63139e-05,0.01772421,0.02812311,61.84076433121019,1.4539900051477628,1.4539900051477628,0.010174501551470408,1.0
1490000,0.6992639,1.3779497,73.864784,27.107014,0.098132305,9.62882e-05,0.019177312,0.017443012,56.91463414634146,2.0970519824725824,2.0970519824725824,0.011372730776201934,1.0
1500000,0.660143,1.5357884,72.25445,35.165565,0.09498303,9.626239e-05,0.020865161,0.020607289,62.18354430379747,1.63551060308384,1.63551060308384,0.01431880438519064,1.0
1510000,0.7475759,2.1484091,76.38109,10.141512,0.09870131,9.6236356e-05,0.011294757,0.024881061,60.98148148148148,2.8038103937366863,2.8038103937366863,0.007492413046557088,1.0
1520000,0.63717294,1.0843855,65.703316,29.591333,0.095062934,9.6211814e-05,0.019646961,0.015946612,57.02439024390244,0.7388560537911631,0.7388560537911631,0.011241148305239807,1.0
1530000,0.6275437,0.44783852,61.77429,37.247902,0.10103448,9.618754e-05,0.023300761,0.02633687,55.04819277108434,0.27212633201462066,0.27212633201462066,0.013328353360972874,1.0
1540000,0.72764325,1.135424,68.070015,39.595867,0.09987347,9.616116e-05,0.0191411,0.018196208,70.56115107913669,1.4380029092589728,1.4380029092589728,0.015837548747022215,1.0
1550000,0.65310353,0.42328855,59.907272,35.933216,0.09932454,9.6135336e-05,0.020332009,0.01996556,49.808510638297875,0.24215249209961992,0.24215249209961992,0.010281226018126657,1.0
1560000,0.6383644,1.1401823,66.538895,28.954876,0.104400806,9.611217e-05,0.021090396,0.015109202,60.348101265822784,1.6358308686485774,1.6358308686485774,0.013370105732214648,1.0
1570000,0.6176839,1.0552285,60.773907,30.559956,0.09943351,9.608866e-05,0.02350304,0.030235538,62.175,1.1439691994339227,1.1439691994339227,0.015006127378728706,1.0
1580000,0.6766629,0.9845686,62.95744,27.048351,0.09589859,9.6062824e-05,0.011161579,0.010788999,50.989528795811516,1.136034945124074,1.136034945124074,0.006173702592863456,1.0
1590000,0.7213162,1.0777293,63.283875,24.768103,0.08954759,9.6037016e-05,0.016295165,0.022959568,51.95744680851064,1.466836430723705,1.466836430723705,0.008806271705820802,1.0
1600000,0.65490973,1.1646565,59.668224,13.706179,0.09346388,9.601124e-05,0.020521216,0.023580205,56.36571428571428,1.3709339359828403,1.3709339359828403,0.012311784509968544,1.0
1610000,0.6536564,1.3097148,61.719765,15.601665,0.10013894,9.598546e-05,0.018096052,0.012483004,53.62222222222222,1.2533645778894424,1.2533645778894424,0.010691885919853424,1.0
1620000,0.58139193,0.4856414,57.075146,18.093775,0.10208265,9.5962234e-05,0.026639193,0.012967725,50.84324324324324,0.4472311393634693,0.4472311393634693,0.014095300009373474,1.0
1630000,0.58002424,0.7438922,57.28925,23.08521,0.09332709,9.593873e-05,0.014812218,0.016016629,54.516304347826086,0.79285718533008,0.79285718533008,0.008406448673074761,1.0
1640000,0.64841086,0.6693376,54.6387,15.287639,0.09196425,9.5912874e-05,0.012355762,0.01494495,45.632850241545896,1.0983926046297745,1.0983926046297745,0.006785514853908208,1.0
1650000,0.6033912,1.4881202,57.57679,22.089436,0.09881352,9.588699e-05,0.015202209,0.023716088,54.240437158469945,1.6681817806029058,1.6681817806029058,0.008537212033003855,1.0
1660000,0.5823208,1.5120885,56.70906,16.850517,0.09342166,9.586131e-05,0.016133938,0.022222444,48.595,1.3196609310842866,1.3196609310842866,0.00938207459368451,1.0
1670000,0.5315392,1.1597502,53.871273,12.9072275,0.09358229,9.58378e-05,0.014476857,0.015145235,47.51456310679612,1.3222647210926686,1.3222647210926686,0.00776124857586483,1.0
1680000,0.59434754,0.93050414,50.241215,15.964991,0.097182326,9.58141e-05,0.01615723,0.0217918,55.055865921787706,0.38226837790414187,0.38226837790414187,0.008391777171198739,1.0
1690000,0.5666762,0.35571575,46.61887,14.593735,0.101537704,9.57883e-05,0.014295037,0.017449219,61.28125,-0.015236117454789441,-0.015236117454789441,0.010969397208077821,1.0
1700000,0.56721705,0.38840297,49.950424,14.4037075,0.10238669,9.576255e-05,0.018980488,0.02719756,49.156565656565654,-0.04097059983104916,-0.04097059983104916,0.009723246385677994,1.0
1710000,0.5796557,0.9732538,51.30296,11.71637,0.09830345,9.573684e-05,0.014705664,0.020551508,58.111111111111114,1.5059614051023178,1.5059614051023178,0.008206659511899984,1.0
1720000,0.5172282,0.6188513,47.54308,12.51283,0.096436694,9.571125e-05,0.015130609,0.013731365,39.46808510638298,0.13387384354057957,0.13387384354057957,0.006380024600884546,1.0
1730000,0.6160132,1.008879,50.971764,13.658819,0.09694316,9.5685726e-05,0.010983936,0.015617167,53.63586956521739,1.5844298889455588,1.5844298889455588,0.006376067502297583,1.0
1740000,0.6087939,0.83562696,46.78335,12.979076,0.09787007,9.566265e-05,0.009945519,0.009249392,46.766666666666666,0.9585673991572914,0.9585673991572914,0.005134209698627583,1.0
1750000,0.5421537,0.19798842,41.775604,12.183396,0.10665246,9.563954e-05,0.014241015,0.016174331,47.73039215686274,-0.2759121342403133,-0.2759121342403133,0.007569960521185549,1.0
1760000,0.5416252,-0.27597773,39.538635,7.0288606,0.10090681,9.5613665e-05,0.0174766,0.020308226,40.71186440677966,-0.31798746676768286,-0.31798746676768286,0.007444558960634237,1.0
1770000,0.57377404,0.73159987,42.321545,9.85115,0.09129928,9.5587704e-05,0.016999781,0.014430625,53.64088397790055,0.9339991725610765,0.9339991725610765,0.0099604157640892,1.0
1780000,0.6011967,0.9567739,45.57149,9.913656,0.09890671,9.5562085e-05,0.010338464,0.010224051,43.98206278026906,1.1398188311422888,1.1398188311422888,0.004844863675357231,1.0
1790000,0.55092335,0.30831146,41.862984,6.6975203,0.09696541,9.55363e-05,0.008600321,0.0059871897,37.276923076923076,0.3439005874097347,0.3439005874097347,0.003200279170187059,1.0
1800000,0.61314625,1.0138032,38.960907,8.31706,0.091932006,9.551053e-05,0.008544854,0.010468965,50.54973821989529,1.0358743812005544,1.0358743812005544,0.004666387973612501,1.0
1810000,0.6011381,0.1321323,36.992577,4.0385666,0.09402921,9.5487434e-05,0.010436019,0.013691134,35.025454545454544,-0.34292487087457074,-0.34292487087457074,0.004331237571339285,1.0
1820000,0.6294633,0.06739102,36.0751,9.104731,0.10173267,9.54641e-05,0.01812285,0.0303686,38.82470119521912,0.13189103531837462,0.13189103531837462,0.00863907536212355,1.0
1830000,0.5584195,0.06474639,35.170033,8.806543,0.09183495,9.543823e-05,0.01971082,0.018037582,41.53389830508475,-0.4970352609449298,-0.4970352609449298,0.009466058451324732,1.0
1840000,0.6745098,0.15676686,35.07207,8.553339,0.09648581,9.541251e-05,0.014356816,0.022853624,51.767955801104975,-0.09606596020703816,-0.09606596020703816,0.008840530237970226,1.0
1850000,0.6712356,0.5635649,35.87565,10.667848,0.09617437,9.538686e-05,0.011538772,0.016990405,51.5531914893617,0.6692331572796436,0.6692331572796436,0.005993905319863846,1.0
1860000,0.59976524,-0.27783373,32.068764,7.4266524,0.095781356,9.536059e-05,0.013162387,0.010920843,33.02675585284281,-0.3637654069286065,-0.3637654069286065,0.0043172431225269635,1.0
1870000,0.58395314,-0.061300233,31.746996,8.131961,0.10087783,9.5337404e-05,0.010857216,0.013280981,33.901754385964914,-0.13775469915016547,-0.13775469915016547,0.003882150125642587,1.0
1880000,0.6360332,0.3252825,31.277601,6.6907053,0.09743638,9.531419e-05,0.011574654,0.016982991,48.05365853658537,0.31601497121885713,0.31601497121885713,0.005881420673925758,1.0
1890000,0.63975406,0.60684174,30.516426,7.028816,0.10131098,9.528843e-05,0.007368984,0.011129114,47.82089552238806,1.122915280337381,1.122915280337381,0.003962037693835924,1.0
1900000,0.4977295,-0.14483792,26.898256,4.2086782,0.10324714,9.526279e-05,0.011484733,0.022416156,36.213178294573645,-0.7807998035767282,-0.7807998035767282,0.005808194846888578,1.0
1910000,0.56256664,-0.4407359,26.109566,4.039234,0.08621271,9.523689e-05,0.015834508,0.019094376,50.450980392156865,-0.7351979195487266,-0.7351979195487266,0.0090704485355316,1.0
1920000,0.7027251,0.529277,28.375282,6.882567,0.10024164,9.5210606e-05,0.012746772,0.020096391,51.558510638297875,1.0432365241836994,1.0432365241836994,0.00713297343649406,1.0
1930000,0.6755321,0.4239576,24.933151,5.6728387,0.09846475,9.51873e-05,0.008581492,0.01446856,46.7877358490566,0.3440520420389355,0.3440520420389355,0.004654022938580657,1.0
1940000,0.7553246,0.8707176,24.58725,7.0258713,0.09763332,9.516407e-05,0.009498432,0.020247802,57.247058823529414,1.0864691450315362,1.0864691450315362,0.005392968269434813,1.0
1950000,0.68667316,0.2635847,24.266346,5.55907,0.096379854,9.513815e-05,0.009873917,0.01822299,36.4812030075188,0.23732177924392814,0.23732177924392814,0.0041122230715591014,1.0
1960000,0.6433488,0.3590928,23.269705,5.2937684,0.096689634,9.5112555e-05,0.009971429,0.027419303,37.264367816091955,0.1274517537076811,0.1274517537076811,0.004004360429079082,1.0
1970000,0.5623011,-0.14143887,21.324617,3.824616,0.0983322,9.508703e-05,0.008667557,0.015645117,37.526923076923076,-0.5371362213905041,-0.5371362213905041,0.003544028331256973,1.0
1980000,0.6924959,0.07235624,21.350756,5.1740346,0.09835681,9.506148e-05,0.011263498,0.030154705,46.350710900473935,0.16106617139978996,0.16106617139978996,0.006664621208681862,1.0
1990000,0.5992999,-0.5268575,20.552904,3.08672,0.098098084,9.503588e-05,0.008956364,0.013270964,34.409893992932865,-0.7105487753561445,-0.7105487753561445,0.003387621385884527,1.0
2000000,0.79629594,-0.14962402,20.057072,6.475134,0.100338526,9.5012816e-05,0.006622428,0.019043306,33.90243902439025,0.11655537965821057,0.11655537965821057,0.0028276837861671627,1.0
2010000,0.6509767,-0.27121106,17.603678,3.380628,0.10585519,9.498966e-05,0.014478217,0.027855908,46.4,-0.5270480666841779,-0.5270480666841779,0.00704876616780114,1.0
2020000,0.6352377,-0.6494003,16.552553,3.1166186,0.09415431,9.496397e-05,0.009112502,0.014183949,32.884745762711866,-0.9145201371887983,-0.9145201371887983,0.0035620860670598506,1.0
2030000,0.72543174,-0.6580607,15.59148,3.302199,0.09657501,9.493849e-05,0.0097729815,0.027834129,32.205980066445186,-0.5333903726945288,-0.5333903726945288,0.0032473824629358997,1.0
2040000,0.62802136,-0.47864074,15.4924555,3.5392604,0.100691296,9.491308e-05,0.006776653,0.008943406,34.654804270462634,-0.800803746192905,-0.800803746192905,0.002495328610095119,1.0
2050000,0.59400463,-0.7209151,13.860327,2.6233876,0.10101396,9.4887546e-05,0.015592185,0.023695353,32.976351351351354,-0.9830671309613858,-0.9830671309613858,0.005334027717365142,1.0
2060000,0.6041878,-0.69019747,13.183382,2.364893,0.09467198,9.486194e-05,0.009987673,0.016098766,32.263333333333335,-0.8982045932610829,-0.8982045932610829,0.0037125546681151416,1.0
2070000,0.577616,-0.719784,13.0020895,1.796458,0.093129866,9.483637e-05,0.010695722,0.019433588,26.997191011235955,-1.097377391500846,-1.097377391500846,0.00325848962871004,1.0
2080000,0.8291663,-0.7783136,11.762387,4.0193477,0.098937765,9.4810624e-05,0.015278886,0.036414623,36.70075757575758,-0.8590712382486372,-0.8590712382486372,0.0064305759592433315,1.0
2090000,0.66435736,-0.8618167,11.737496,0.83773243,0.09690351,9.478762e-05,0.012665973,0.007735729,24.270491803278688,-1.0516741275787354,-1.0516741275787354,0.0033927360494542215,1.0
2100000,0.8690761,-0.816446,10.036046,1.4999751,0.09641997,9.47643e-05,0.014065927,0.049375027,34.78091872791519,-1.3010960305537436,-1.3010960305537436,0.005557220536136058,1.0
2110000,1.1470258,-0.7364042,10.688314,1.3504598,0.08828407,9.473776e-05,0.009212909,0.0130388765,30.281124497991968,-1.085743192911148,-1.085743192911148,0.003111530973110348,1.0
2120000,1.0110261,-0.77223396,9.449357,1.1459959,0.09695577,9.471328e-05,0.019082911,0.032626048,34.601694915254235,-1.3708814869997865,-1.3708814869997865,0.010066974581065351,1.0
2130000,0.82735646,-0.85959935,7.9906225,1.0816509,0.09835768,9.468885e-05,0.024045596,0.030440558,34.43560606060606,-1.183089045395378,-1.183089045395378,0.010335442736275664,1.0
2140000,1.0045935,-0.8711563,8.194177,0.91151726,0.09775771,9.4662464e-05,0.020708343,0.050990857,30.220183486238533,-1.2367841875011272,-1.2367841875011272,0.007573498877040534,1.0
2150000,0.77608025,-0.97669643,7.2740426,1.1156464,0.09435784,9.4636314e-05,0.019127063,0.015222001,35.31046931407942,-1.3779911416164343,-1.3779911416164343,0.008700404349508683,1.0
2160000,0.87819326,-1.048749,6.4136386,0.89430684,0.10005115,9.4610834e-05,0.011612209,0.0097341575,30.419708029197082,-1.2956199693853838,-1.2956199693853838,0.004317449327187789,1.0
2170000,1.0344491,-1.2636728,4.741954,0.8803426,0.09878137,9.458702e-05,0.017789386,0.04900109,39.666666666666664,-1.7598849241284356,-1.7598849241284356,0.009842941115704783,1.0
2180000,0.9434249,-1.1504906,6.4836993,0.71992284,0.10088227,9.4563366e-05,0.018606184,0.031723566,35.836879432624116,-1.6271883139373562,-1.6271883139373562,0.007895530720822618,1.0
2190000,0.94393474,-1.0652493,7.0151424,0.6587096,0.093424045,9.4537274e-05,0.00884735,0.0076575787,26.477192982456142,-1.0957857863944873,-1.0957857863944873,0.002399142282982275,1.0
2200000,1.0307524,-1.2020079,5.4861608,0.5779768,0.096107975,9.451094e-05,0.011444524,0.025015727,33.92727272727273,-1.2819752018560062,-1.2819752018560062,0.004257705651451198,1.0
2210000,1.1118749,-1.1857091,4.9928656,0.4880861,0.10113372,9.448594e-05,0.019144755,0.02877825,31.305309734513273,-1.4190338062294778,-1.4190338062294778,0.00730459436277822,1.0
2220000,0.9641144,-1.2908729,5.0080466,0.39076608,0.09941387,9.446237e-05,0.015654678,0.022600552,28.93609022556391,-1.3326590151157018,-1.3326590151157018,0.005192159360520682,1.0
2230000,0.91130805,-1.06894,5.0616083,0.2606792,0.09427885,9.443682e-05,0.010553256,0.009485533,30.068181818181817,-1.155892291303837,-1.155892291303837,0.003272590128427978,1.0
2240000,0.9083265,-1.0322553,4.469414,0.2783741,0.101786114,9.441126e-05,0.01541858,0.016466087,32.79925650557621,-1.250626475837594,-1.250626475837594,0.005750591943705226,1.0
2250000,1.0948515,-1.1556565,3.9150896,0.19148934,0.10138047,9.438563e-05,0.009989452,0.0109817665,31.34188034188034,-1.3191497784394484,-1.3191497784394484,0.003620752488893783,1.0
2260000,0.8522299,-1.1677108,3.3871264,0.24063697,0.09490267,9.436261e-05,0.01492786,0.016817583,31.45054945054945,-1.3209918925177047,-1.3209918925177047,0.005929063603916502,1.0
2270000,0.9327675,-1.1231347,3.707062,0.2779854,0.09917384,9.43396e-05,0.013651788,0.024240108,36.02092050209205,-1.3129909711901613,-1.3129909711901613,0.005507639588819326,1.0
2280000,0.99428743,-1.1920769,3.4535897,0.21391213,0.09458884,9.431403e-05,0.012932306,0.027572174,32.56331877729258,-1.2864367165419732,-1.2864367165419732,0.005176349412131339,1.0
2290000,1.0277932,-1.1147264,3.2956243,0.2069798,0.09801908,9.428834e-05,0.01815788,0.027573302,33.648068669527895,-1.3035362590536028,-1.3035362590536028,0.007402271994633417,1.0
2300000,0.9584195,-1.0838897,2.7638607,0.17823589,0.101159535,9.426214e-05,0.019516326,0.029800307,39.1015037593985,-1.5390936750218385,-1.5390936750218385,0.011403777270273242,1.0
2310000,0.9390012,-1.1034207,2.1768973,0.22344828,0.098466374,9.4236326e-05,0.019028585,0.02443253,29.295081967213115,-1.2303706833573638,-1.2303706833573638,0.0064856501120585395,1.0
2320000,1.0637047,-1.1185784,2.4945133,0.17049529,0.100385085,9.421076e-05,0.018452797,0.03025265,33.276679841897234,-1.3762042578972375,-1.3762042578972375,0.007704253380716937,1.0
2330000,1.2131333,-1.1472033,2.3873558,0.20825505,0.10181067,9.418652e-05,0.013206995,0.029433236,32.044843049327355,-1.334661852568388,-1.334661852568388,0.005452077058310222,1.0
2340000,1.3411454,-1.5390723,1.9740227,0.13388997,0.09830904,9.416242e-05,0.0125136115,0.018548457,48.878571428571426,-1.673104459433247,-1.673104459433247,0.008013971888614323,1.0
2350000,0.9416813,-0.9666374,1.912332,0.09569964,0.09988063,9.4138835e-05,0.012573333,0.011906108,32.8609022556391,-1.2359213177184487,-1.2359213177184487,0.0052586179956957725,1.0
2360000,1.155963,-1.224412,2.0001936,0.055040408,0.093598634,9.411322e-05,0.009238332,0.012572331,31.465811965811966,-1.233130349053277,-1.233130349053277,0.0033497811015496333,1.0
2370000,1.1565487,-1.1281806,2.0040653,0.08903006,0.10183215,9.408746e-05,0.014320625,0.027706597,39.63,-1.396807158113125,-1.396807158113125,0.006638458887250841,1.0
2380000,0.8805662,-0.95671034,1.8111529,0.065776825,0.0994717,9.406383e-05,0.012564115,0.013610254,26.94610778443114,-1.1361337220490868,-1.1361337220490868,0.003852517733266994,1.0
2390000,1.2322936,-1.1052388,1.672085,0.17212972,0.09621219,9.403742e-05,0.014115959,0.026453327,35.63302752293578,-1.382394717585656,-1.382394717585656,0.006894559207831591,1.0
2400000,0.99874204,-1.1916816,1.8128791,0.07727349,0.101737164,9.40107e-05,0.010208867,0.023510832,42.53488372093023,-1.4405140355575916,-1.4405140355575916,0.004981554805052055,1.0
2410000,1.1930456,-1.2034013,1.5219513,0.23528187,0.10015935,9.398615e-05,0.015348907,0.041381765,46.967948717948715,-1.6740790338088305,-1.6740790338088305,0.011142461971478322,1.0
2420000,1.1390662,-1.1424177,1.6003547,0.1287401,0.0933469,9.396216e-05,0.015996754,0.03813386,42.36363636363637,-1.4764808148823,-1.4764808148823,0.008331745310649487,1.0
2430000,0.8204274,-1.0260521,1.6124787,0.12905714,0.10104567,9.393641e-05,0.013594566,0.015429038,28.70347003154574,-1.1838625985365185,-1.1838625985365185,0.00410645465221115,1.0
2440000,1.1197656,-0.9486175,1.4490932,0.105854996,0.09987996,9.391328e-05,0.011220212,0.03668616,42.738461538461536,-1.2689560861611853,-1.2689560861611853,0.00535426620374391,1.0
2450000,1.1443193,-0.9155004,1.2574884,0.07447334,0.09885625,9.3887385e-05,0.012814228,0.01639097,31.429752066115704,-1.330750973392819,-1.330750973392819,0.004959887598884674,1.0
2460000,0.96361166,-0.96848077,1.0358716,0.045201328,0.09201547,9.386314e-05,0.010934701,0.037418388,44.52571428571429,-1.2480661317534831,-1.2480661317534831,0.006727855233241397,1.0
2470000,0.8898193,-0.88881665,0.8365773,0.07597549,0.100304976,9.3837734e-05,0.017343055,0.04245571,34.565400843881854,-1.1604933573418306,-1.1604933573418306,0.007207705457831788,1.0
2480000,0.84875077,-0.9322212,0.8479505,0.07442675,0.101398826,9.381206e-05,0.01549494,0.061814327,38.972477064220186,-1.2345414935448848,-1.2345414935448848,0.00746594416458211,1.0
2490000,0.98158246,-0.9084542,0.6686947,0.029703666,0.091265924,9.378604e-05,0.0123763485,0.046891697,43.041666666666664,-1.1798263350501657,-1.1798263350501657,0.0064115291600804385,1.0
2500000,1.1334071,-0.8787593,0.615791,0.012877668,0.09619537,9.37607e-05,0.01062615,0.015299208,47.710144927536234,-1.2004415058403564,-1.2004415058403564,0.006913603824503023,1.0
2510000,1.0454329,-0.83407557,0.49008068,0.01513281,0.10145177,9.373821e-05,0.011267863,0.020422451,51.56410256410256,-1.1832190934688813,-1.1832190934688813,0.009060053079907272,1.0
2520000,0.98995733,-0.8572865,0.40960404,0.033196185,0.09811035,9.371077e-05,0.022337984,0.048698507,52.627450980392155,-1.3791128424258015,-1.3791128424258015,0.01593350776048146,1.0
2530000,0.8961586,-0.93641025,0.5273169,0.04314357,0.09399037,9.368728e-05,0.022215964,0.040052705,38.936440677966104,-1.1977017972681483,-1.1977017972681483,0.010242953146235639,1.0
2540000,0.9622697,-0.900656,0.37912685,0.016178478,0.09405185,9.366367e-05,0.011463048,0.031689934,39.649532710280376,-1.2101321891296741,-1.2101321891296741,0.005726295605648395,1.0
2550000,1.0591322,-0.8336568,0.07975236,0.03738701,0.09742113,9.3639355e-05,0.019990452,0.02310701,72.56470588235294,-1.4712240662839677,-1.4712240662839677,0.012225442177926501,1.0
2560000,1.0137682,-0.7729712,0.20082256,0.030272737,0.09238718,9.361442e-05,0.017081238,0.02865455,153.08823529411765,-1.6251104583865719,-1.6251104583865719,0.06166760686564406,1.0
2570000,0.97640216,-0.81337893,0.13737084,0.0233483,0.09539805,9.35887e-05,0.018314242,0.022126231,72.23300970873787,-1.3138856540605859,-1.3138856540605859,0.01918160428351822,1.0
2580000,0.98021793,-0.73382753,0.053431716,0.00763603,0.09297243,9.356509e-05,0.014755867,0.015781453,70.84615384615384,-1.2199289389909842,-1.2199289389909842,0.011972218498181647,1.0
