Steps,Policy/Entropy,Environment/Lesson,Policy/Extrinsic Value Estimate,Losses/Value Loss,Losses/Policy Loss,Policy/Learning Rate,Environment/Episode Length,Environment/Cumulative Reward,Policy/Extrinsic Reward,Is Training
10000,2.1746945,0.0,-0.35519892,0.53869367,0.09847654,9.991222e-05,248.0,-7.553846967406571,-7.553846967406571,1.0
20000,2.0785165,0.0,-0.88154066,0.22921252,0.107162066,9.972416e-05,248.0,-2.685293860733509,-2.685293860733509,1.0
30000,1.9834926,0.0,-0.7133112,0.38472146,0.10203158,9.952392e-05,248.0,2.926094489172101,2.926094489172101,1.0
40000,1.8540785,0.0,-0.30683184,0.5977726,0.10328091,9.9313685e-05,248.0,5.63291558306268,5.63291558306268,1.0
50000,1.736581,0.0,1.1141818,1.0634427,0.09713826,9.911904e-05,248.0,12.321981149911881,12.321981149911881,1.0
60000,1.5656615,0.0,2.3920262,1.7103791,0.09874767,9.891904e-05,248.0,21.627625110248726,21.627625110248726,1.0
70000,1.4003048,0.0,3.4682662,1.9535979,0.10027116,9.870416e-05,248.0,26.34587561000477,26.34587561000477,1.0
80000,1.296572,0.0,4.216298,2.0933902,0.10002264,9.8518714e-05,248.0,26.56263029575348,26.56263029575348,1.0
90000,1.2649767,0.0,5.007234,1.823833,0.098517664,9.83088e-05,248.0,27.575183733915672,27.575183733915672,1.0
100000,1.242654,0.0,5.6103764,1.9579538,0.10684749,9.810572e-05,248.0,28.51279771037218,28.51279771037218,1.0
110000,1.2178043,0.0,6.245305,1.3715426,0.098060615,9.790904e-05,248.0,27.36629065275192,27.36629065275192,1.0
120000,1.1909182,0.0,7.1384096,1.656381,0.0973571,9.771903e-05,248.0,28.304836481809616,28.304836481809616,1.0
130000,1.1589211,0.0,7.8754287,1.4301046,0.09635265,9.751417e-05,248.0,30.56482169032097,30.56482169032097,1.0
140000,1.1323133,0.0,8.449419,1.4004489,0.0916081,9.731368e-05,248.0,30.672881973550673,30.672881973550673,1.0
150000,1.0969659,0.0,9.023207,1.111693,0.10199207,9.711904e-05,248.0,29.82847489380255,29.82847489380255,1.0
160000,1.0519022,0.0,9.628728,1.334173,0.099269435,9.691904e-05,248.0,31.774519818894408,31.774519818894408,1.0
170000,1.018271,0.0,10.549095,1.4303745,0.09364575,9.670416e-05,248.0,33.11310497558478,33.11310497558478,1.0
180000,1.025702,0.0,10.846209,1.3933082,0.100449264,9.651904e-05,248.0,32.51295123100281,32.51295123100281,1.0
190000,0.99540716,0.0,11.098082,1.4034901,0.10057421,9.630897e-05,247.46875,33.146298959851265,33.146298959851265,1.0
200000,0.97788113,0.0,11.259299,1.5485405,0.10004646,9.610605e-05,248.0,32.693575412669084,32.693575412669084,1.0
210000,0.9345033,0.0,11.676184,1.1651578,0.09966656,9.590898e-05,248.0,33.15754654913238,33.15754654913238,1.0
220000,0.8904137,0.0,11.801084,1.3765621,0.09457669,9.570365e-05,247.3673469387755,33.83264026236027,33.83264026236027,1.0
230000,0.8728713,0.0,12.181862,1.3551795,0.10077497,9.552324e-05,247.5744680851064,33.348986800124,33.348986800124,1.0
240000,0.87443346,0.0,12.228447,1.3254989,0.09820832,9.530876e-05,248.0,33.664563884337745,33.664563884337745,1.0
250000,0.8712809,0.0,12.518344,1.3133936,0.10101801,9.509201e-05,248.0,33.254469715058804,33.254469715058804,1.0
260000,0.8656172,0.0,12.495901,1.2911742,0.09648329,9.489724e-05,248.0,31.794234538078307,31.794234538078307,1.0
270000,0.88291305,0.0,12.247877,1.2529211,0.10313879,9.470445e-05,248.0,33.4401352763176,33.4401352763176,1.0
280000,0.9023749,0.0,12.146704,1.3324645,0.09531439,9.450833e-05,248.0,32.750890576839446,32.750890576839446,1.0
290000,0.8635555,0.0,12.103475,1.3815963,0.10335471,9.429709e-05,247.61764705882354,33.09196983064924,33.09196983064924,1.0
300000,0.8461242,0.0,12.055874,1.3471223,0.09751077,9.409688e-05,248.0,33.43821031168888,33.43821031168888,1.0
310000,0.7938147,0.0,12.186716,1.236321,0.10333593,9.390901e-05,248.0,34.70760451555252,34.70760451555252,1.0
320000,0.7735473,0.0,12.345047,1.1725223,0.099868454,9.3700495e-05,248.0,34.410113871097565,34.410113871097565,1.0
330000,0.74687874,0.0,12.3098545,1.0899107,0.09487213,9.348813e-05,248.0,33.87383273839951,33.87383273839951,1.0
340000,0.7434716,0.0,12.648091,1.2297543,0.09904363,9.329265e-05,248.0,34.40729823112488,34.40729823112488,1.0
350000,0.7454703,0.0,12.521101,1.2323427,0.09756012,9.308453e-05,248.0,33.154769039154054,33.154769039154054,1.0
360000,0.77078325,0.0,12.612003,1.2196383,0.09919098,9.288921e-05,248.0,32.85896146297455,32.85896146297455,1.0
370000,0.74848735,0.0,12.428057,1.3864582,0.10224058,9.270311e-05,248.0,34.33622374137243,34.33622374137243,1.0
380000,0.7708512,0.0,12.565184,1.2288086,0.09827603,9.250813e-05,248.0,35.12283009290695,35.12283009290695,1.0
390000,0.75767225,0.0,12.387301,1.0800152,0.100707926,9.229437e-05,248.0,33.34245259066423,33.34245259066423,1.0
400000,0.70570314,0.0,12.77623,1.2282779,0.09876032,9.208775e-05,247.3125,34.8618071898818,34.8618071898818,1.0
410000,0.7317448,0.0,12.553814,1.257549,0.100068524,9.1910624e-05,248.0,34.22944145798683,34.22944145798683,1.0
420000,0.71001893,0.0,12.658009,1.2265973,0.09687124,9.170205e-05,248.0,33.27789959311485,33.27789959311485,1.0
430000,0.6553651,0.0,12.617841,1.2002103,0.09719939,9.150417e-05,248.0,34.22307359178861,34.22307359178861,1.0
440000,0.6297131,0.0,12.952454,1.2739805,0.09791198,9.1309594e-05,248.0,36.227721977233884,36.227721977233884,1.0
450000,0.6200377,0.0,12.8871765,1.2761896,0.09795427,9.1087895e-05,247.4255319148936,36.003192593654,36.003192593654,1.0
460000,0.6106693,0.0,13.361505,1.270477,0.094082355,9.091091e-05,248.0,36.084698513150215,36.084698513150215,1.0
470000,0.63142115,0.0,12.832807,1.1644905,0.09923119,9.069513e-05,248.0,33.725510609149936,33.725510609149936,1.0
480000,0.61345893,0.0,12.868788,1.2884184,0.098731026,9.0483016e-05,247.46875,34.42894223928452,34.42894223928452,1.0
490000,0.60323834,0.0,12.801096,1.3309592,0.09889667,9.0302536e-05,248.0,34.7661630880265,34.7661630880265,1.0
500000,0.5738043,0.0,12.81427,1.2743075,0.10118723,9.009906e-05,248.0,34.97762552060579,34.97762552060579,1.0
510000,0.5946801,0.0,12.769918,1.4900483,0.097272225,8.989818e-05,247.8,34.4194676399231,34.4194676399231,1.0
520000,0.5627426,0.0,12.772303,1.2649482,0.100077346,8.970974e-05,248.0,33.58352142886112,33.58352142886112,1.0
530000,0.5742506,0.0,12.749459,1.2960209,0.096554,8.950708e-05,248.0,36.65564046587263,36.65564046587263,1.0
540000,0.5536228,0.0,13.108878,1.570145,0.09719463,8.928955e-05,247.25,35.60397955179214,35.60397955179214,1.0
550000,0.55385846,0.0,13.147374,1.3651757,0.098518275,8.9091256e-05,248.0,35.65082091819949,35.65082091819949,1.0
560000,0.5212332,0.0,13.575586,1.3546915,0.10384841,8.8912784e-05,248.0,35.412718450411774,35.412718450411774,1.0
570000,0.5433205,0.0,13.327509,1.2734535,0.09809834,8.869872e-05,248.0,35.34185872426847,35.34185872426847,1.0
580000,0.5583069,0.0,13.618329,1.40194,0.089230776,8.849323e-05,248.0,35.00286443416889,35.00286443416889,1.0
590000,0.52297974,0.0,13.920461,1.3242545,0.10141406,8.829809e-05,248.0,35.506026109059654,35.506026109059654,1.0
600000,0.51883316,0.0,13.591392,1.4825368,0.09952171,8.810137e-05,247.06382978723406,36.04703864385915,36.04703864385915,1.0
610000,0.5490364,0.0,13.2278595,1.3085952,0.10498384,8.790672e-05,248.0,33.92443753424145,33.92443753424145,1.0
620000,0.56720465,0.0,13.272842,1.3655388,0.10039214,8.771366e-05,248.0,35.68343140216584,35.68343140216584,1.0
630000,0.5604578,0.0,13.8032255,1.3502967,0.09668443,8.7491695e-05,247.78787878787878,37.09125220775604,37.09125220775604,1.0
640000,0.59364074,0.0,13.703204,1.0202848,0.100352824,8.728887e-05,248.0,35.334646987915036,35.334646987915036,1.0
650000,0.5844847,0.0,13.604279,1.3976612,0.09881849,8.709452e-05,248.0,35.28066450176817,35.28066450176817,1.0
660000,0.55749965,0.0,12.835024,1.0674764,0.09766758,8.6889966e-05,248.0,32.90576899300019,32.90576899300019,1.0
670000,0.56145656,0.0,13.075552,1.2330288,0.09459703,8.66937e-05,248.0,34.380170023441316,34.380170023441316,1.0
680000,0.5519671,0.0,13.0278425,1.3156493,0.09305407,8.650064e-05,248.0,35.5698693153706,35.5698693153706,1.0
690000,0.56764066,0.0,13.391287,1.1642236,0.101245895,8.6314845e-05,248.0,35.027294900268316,35.027294900268316,1.0
700000,0.5818114,0.0,13.017667,1.2149391,0.09987942,8.6100365e-05,248.0,32.6853920308555,32.6853920308555,1.0
710000,0.55314046,0.0,12.975456,1.3274314,0.10270101,8.5907726e-05,247.7948717948718,35.53496561050415,35.53496561050415,1.0
720000,0.5145925,0.0,12.386111,1.2544342,0.105702415,8.570745e-05,248.0,34.17417399426724,34.17417399426724,1.0
730000,0.50381476,0.0,12.919673,1.4432213,0.102785386,8.5489955e-05,248.0,35.3012098968029,35.3012098968029,1.0
740000,0.5360872,0.0,12.85761,1.3969364,0.10154731,8.528629e-05,248.0,34.678799664974214,34.678799664974214,1.0
750000,0.5477535,0.0,13.428271,1.2866106,0.10421028,8.508981e-05,248.0,34.31803618055402,34.31803618055402,1.0
760000,0.5316622,0.0,12.878632,1.3221953,0.09904284,8.489209e-05,247.89795918367346,36.447379310925804,36.447379310925804,1.0
770000,0.55428785,0.0,13.00963,1.2637954,0.10145109,8.4699284e-05,247.4102564102564,35.069763131257965,35.069763131257965,1.0
780000,0.54760796,0.0,12.66485,1.2220914,0.09506525,8.451071e-05,248.0,35.27256752649943,35.27256752649943,1.0
790000,0.5492527,0.0,13.096009,1.2288697,0.09624468,8.431307e-05,248.0,35.716844642863556,35.716844642863556,1.0
800000,0.55136055,0.0,12.952849,1.5896631,0.09243244,8.41099e-05,245.97297297297297,35.33832071278546,35.33832071278546,1.0
810000,0.5967624,0.0,13.085371,1.4882348,0.09280471,8.3904386e-05,248.0,34.42318457648868,34.42318457648868,1.0
820000,0.5647386,0.0,13.106982,1.4750214,0.10192175,8.36894e-05,247.88095238095238,35.54316279946304,35.54316279946304,1.0
830000,0.52754307,0.0,13.285678,1.5462675,0.09921692,8.349292e-05,246.82051282051282,37.51434351205826,37.51434351205826,1.0
840000,0.5012315,0.0,13.179014,1.2913729,0.10012834,8.330106e-05,247.66666666666666,36.450456154055715,36.450456154055715,1.0
850000,0.5279753,0.0,13.076042,1.3534937,0.09880225,8.308785e-05,248.0,34.88087880888651,34.88087880888651,1.0
860000,0.5494739,0.0,13.589512,1.2726862,0.103470206,8.289596e-05,248.0,34.43810880506361,34.43810880506361,1.0
870000,0.535225,0.0,13.413811,1.2520359,0.10158193,8.270437e-05,248.0,35.7713564195131,35.7713564195131,1.0
880000,0.5407282,0.0,13.4227085,1.19646,0.10101429,8.250664e-05,248.0,35.33574395860944,35.33574395860944,1.0
890000,0.5270994,0.0,13.12936,1.5036793,0.10111872,8.230951e-05,247.52173913043478,36.70141858639924,36.70141858639924,1.0
900000,0.50814205,0.0,13.028323,1.2855861,0.09699534,8.210399e-05,247.76190476190476,36.30312247503372,36.30312247503372,1.0
910000,0.4880469,0.0,13.0045595,1.0571959,0.10559402,8.190794e-05,248.0,35.73651739358902,35.73651739358902,1.0
920000,0.5079286,0.0,13.237195,1.2131103,0.098151505,8.1697384e-05,248.0,34.22330053385935,34.22330053385935,1.0
930000,0.5104732,0.0,13.47245,1.2788918,0.09877357,8.150413e-05,248.0,37.282320544833226,37.282320544833226,1.0
940000,0.48277712,0.0,13.339056,1.374013,0.10066531,8.1313425e-05,247.875,35.72682701013027,35.72682701013027,1.0
950000,0.47586298,0.0,13.367154,1.3816195,0.10160478,8.110457e-05,247.93333333333334,37.38148828082615,37.38148828082615,1.0
960000,0.48865515,0.0,13.69131,1.4913895,0.09735816,8.089348e-05,246.84375,37.21480508284135,37.21480508284135,1.0
970000,0.48972532,0.0,13.520372,1.6086743,0.100675344,8.070037e-05,247.225,34.963677728176116,34.963677728176116,1.0
980000,0.49636596,0.0,13.7560425,1.3981647,0.09515796,8.050366e-05,246.55555555555554,36.465679495675225,36.465679495675225,1.0
990000,0.50626636,0.0,13.067949,1.3709896,0.08916485,8.029083e-05,247.51020408163265,35.213124070848735,35.213124070848735,1.0
1000000,0.52737653,0.0,13.583234,1.2968659,0.09110258,8.0104175e-05,247.7,37.35039041100479,37.35039041100479,1.0
1010000,0.49921542,0.0,13.145683,1.1117299,0.10126921,7.991226e-05,248.0,35.41756755945294,35.41756755945294,1.0
1020000,0.49054772,0.0,13.644826,1.5290883,0.10000093,7.970128e-05,247.84375,36.84171453118324,36.84171453118324,1.0
1030000,0.49280864,0.0,13.212828,1.2379948,0.09921342,7.94937e-05,248.0,35.80679876804352,35.80679876804352,1.0
1040000,0.48670998,0.0,13.465772,1.3846786,0.093167834,7.930293e-05,246.97297297297297,36.7386175526513,36.7386175526513,1.0
1050000,0.48527643,0.0,12.890271,1.2280015,0.0974509,7.9112906e-05,248.0,35.803729762633644,35.803729762633644,1.0
1060000,0.47188044,0.0,13.438657,1.2789173,0.101885654,7.890368e-05,247.89473684210526,35.570721259483925,35.570721259483925,1.0
1070000,0.4974532,0.0,13.592636,1.4234587,0.10060116,7.8689096e-05,248.0,36.6309557734309,36.6309557734309,1.0
1080000,0.4768655,0.0,13.533844,1.1127535,0.095240176,7.849408e-05,248.0,35.64210807986376,35.64210807986376,1.0
1090000,0.4963491,0.0,13.266884,1.36311,0.10004107,7.830241e-05,247.57777777777778,37.17840704050931,37.17840704050931,1.0
1100000,0.5056678,0.0,13.514215,1.4614435,0.10154861,7.808921e-05,247.6829268292683,36.32027923229129,36.32027923229129,1.0
1110000,0.48609942,0.0,13.69696,1.368831,0.09927352,7.789591e-05,248.0,36.97403372035307,36.97403372035307,1.0
1120000,0.50992775,0.0,13.7182865,1.6305854,0.098729685,7.770125e-05,247.0,37.432444509707,37.432444509707,1.0
1130000,0.5186978,0.0,13.73464,1.7244778,0.093041606,7.749088e-05,247.02631578947367,37.66255438005602,37.66255438005602,1.0
1140000,0.4890782,0.0,13.661603,1.4172359,0.100053996,7.730185e-05,247.95744680851064,37.24014827038379,37.24014827038379,1.0
1150000,0.5205502,0.0,13.606964,1.3531698,0.09904179,7.7109886e-05,247.8048780487805,36.14062397654464,36.14062397654464,1.0
1160000,0.5019393,0.0,13.616687,1.3174908,0.095420666,7.6898614e-05,247.73809523809524,37.11786944367165,37.11786944367165,1.0
1170000,0.48204118,0.0,13.626768,1.321985,0.10306017,7.669159e-05,248.0,36.212697968763464,36.212697968763464,1.0
1180000,0.47522315,0.0,13.639612,1.2832525,0.10244263,7.649981e-05,247.95,36.27909545898437,36.27909545898437,1.0
1190000,0.4476065,0.0,13.4852295,1.3083317,0.10326447,7.6308104e-05,248.0,37.52615717479161,37.52615717479161,1.0
1200000,0.45197242,0.0,13.196093,1.2511699,0.09560491,7.609474e-05,247.9777777777778,36.3021626420643,36.3021626420643,1.0
1210000,0.42992535,0.0,13.386375,1.454535,0.11217013,7.590348e-05,248.0,36.089649251989414,36.089649251989414,1.0
1220000,0.420772,0.0,13.077637,1.4259084,0.096456766,7.571297e-05,246.82978723404256,36.453765692918196,36.453765692918196,1.0
1230000,0.42842257,0.0,13.337965,1.321354,0.10218269,7.550081e-05,248.0,35.93266510336023,35.93266510336023,1.0
1240000,0.4157401,0.0,13.208807,1.5412346,0.09666805,7.528996e-05,247.97674418604652,36.477470896460794,36.477470896460794,1.0
1250000,0.41702637,0.0,13.186093,1.2675308,0.09897481,7.510208e-05,248.0,36.44397466832941,36.44397466832941,1.0
1260000,0.40839747,0.0,13.228262,1.284322,0.105029546,7.491391e-05,247.0,36.56190178394318,36.56190178394318,1.0
1270000,0.40056348,0.0,13.130127,1.2952039,0.09678159,7.470201e-05,248.0,34.755740913184916,34.755740913184916,1.0
1280000,0.41357055,0.0,12.917743,1.1128337,0.09969411,7.449414e-05,248.0,35.74921701848507,35.74921701848507,1.0
1290000,0.42200863,0.0,13.264154,1.0721707,0.09497122,7.430348e-05,248.0,36.21210285333487,36.21210285333487,1.0
1300000,0.43673608,0.0,13.4031105,1.3916173,0.0942289,7.410962e-05,247.23809523809524,36.71057685585909,36.71057685585909,1.0
1310000,0.42302552,0.0,13.520202,1.2741909,0.095023096,7.3898285e-05,248.0,35.02575708925724,35.02575708925724,1.0
1320000,0.42329744,0.0,13.20754,1.2247579,0.10047865,7.3687275e-05,247.93023255813952,35.37006511244663,35.37006511244663,1.0
1330000,0.42528358,0.0,13.426867,1.2979212,0.09277473,7.349626e-05,247.85365853658536,36.8179808139801,36.8179808139801,1.0
1340000,0.42850107,0.0,13.100903,1.2032168,0.09849053,7.330244e-05,248.0,35.683716047893874,35.683716047893874,1.0
1350000,0.45083863,0.0,13.7027855,1.3667042,0.098118655,7.309057e-05,248.0,36.93293945228352,36.93293945228352,1.0
1360000,0.442529,0.0,13.483489,1.416985,0.10081149,7.290272e-05,246.609756097561,36.23907828330994,36.23907828330994,1.0
1370000,0.46861857,0.0,13.574542,1.6514581,0.097789526,7.2713665e-05,247.6341463414634,35.01814171744556,35.01814171744556,1.0
1380000,0.4460374,0.0,13.191298,1.1788685,0.10072641,7.25024e-05,247.75555555555556,36.282464589012996,36.282464589012996,1.0
1390000,0.42969438,0.0,13.073932,1.0804592,0.098582596,7.2295275e-05,248.0,35.42273715647256,35.42273715647256,1.0
1400000,0.4320042,0.0,13.480604,1.1887946,0.09405882,7.2086565e-05,248.0,36.35543200704787,36.35543200704787,1.0
1410000,0.43028978,0.0,13.400119,1.4443263,0.09758175,7.189559e-05,247.45945945945945,37.82730397662601,37.82730397662601,1.0
1420000,0.4508881,0.0,13.344448,1.6725681,0.0964831,7.170796e-05,246.09756097560975,37.010328928629555,37.010328928629555,1.0
1430000,0.43553698,0.0,13.031754,1.3312316,0.096078545,7.149861e-05,248.0,34.449263735612234,34.449263735612234,1.0
1440000,0.44501984,0.0,13.118172,1.6075687,0.10145767,7.128646e-05,247.4418604651163,37.4751148053578,37.4751148053578,1.0
1450000,0.45190412,0.0,13.372119,1.3022907,0.08747471,7.109722e-05,248.0,37.08727477236492,37.08727477236492,1.0
1460000,0.44690606,0.0,13.749405,1.3420801,0.094802335,7.090655e-05,248.0,36.2186971226254,36.2186971226254,1.0
1470000,0.4342099,0.0,13.540842,1.6428369,0.09352609,7.069425e-05,247.60526315789474,37.21816701638071,37.21816701638071,1.0
1480000,0.43833196,0.0,13.536227,1.3440834,0.099780075,7.050373e-05,248.0,35.180804999251116,35.180804999251116,1.0
1490000,0.4383384,0.0,13.34401,1.4666533,0.09455616,7.031481e-05,246.69767441860466,36.42402924810137,36.42402924810137,1.0
1500000,0.4538707,0.0,13.8151245,1.7690351,0.10196813,7.010316e-05,247.53846153846155,37.32645382025303,37.32645382025303,1.0
1510000,0.43463776,0.0,13.189512,1.4189138,0.096548505,6.9892456e-05,247.84782608695653,35.414226438688196,35.414226438688196,1.0
1520000,0.45437762,0.0,13.8458,1.7190161,0.09459324,6.970222e-05,247.3421052631579,36.442994533441,36.442994533441,1.0
1530000,0.43037054,0.0,13.630157,1.5364021,0.096890315,6.951312e-05,248.0,37.83817890213757,37.83817890213757,1.0
1540000,0.42927352,0.0,13.513448,1.3283186,0.09860304,6.930648e-05,248.0,35.76871145472807,35.76871145472807,1.0
1550000,0.43682367,0.0,13.180887,1.31331,0.101735905,6.909647e-05,247.8,35.294621051886146,35.294621051886146,1.0
1560000,0.4418406,0.0,13.2100525,1.2985356,0.102334484,6.8885114e-05,248.0,36.34008967876434,36.34008967876434,1.0
1570000,0.4264776,0.0,13.033963,1.4308441,0.098097906,6.869663e-05,248.0,35.53724644031931,35.53724644031931,1.0
1580000,0.3955196,0.0,13.19586,1.4547307,0.10297593,6.8505964e-05,247.43243243243242,36.24935705597336,36.24935705597336,1.0
1590000,0.4199071,0.0,13.311789,1.379044,0.09905867,6.829213e-05,248.0,36.527285394214445,36.527285394214445,1.0
1600000,0.4100572,0.0,13.439064,1.6041358,0.09810698,6.810337e-05,247.47058823529412,36.66265956333705,36.66265956333705,1.0
1610000,0.39641038,0.0,13.2832985,1.5059054,0.10158541,6.79126e-05,247.6888888888889,37.01653242111206,37.01653242111206,1.0
1620000,0.39073774,0.0,13.404859,1.5740067,0.09673706,6.770026e-05,248.0,37.61988070072272,37.61988070072272,1.0
1630000,0.39186147,0.0,13.335263,1.318725,0.10194113,6.7487825e-05,248.0,37.290967646099276,37.290967646099276,1.0
1640000,0.38867888,0.0,13.657229,1.470787,0.09920888,6.7299e-05,247.93939393939394,37.3584753816778,37.3584753816778,1.0
1650000,0.3920923,0.0,13.59488,1.6907505,0.09808497,6.710866e-05,247.54761904761904,36.76127138370421,36.76127138370421,1.0
1660000,0.3953343,0.0,13.389288,1.7127403,0.095342435,6.689818e-05,247.65,36.503731192612065,36.503731192612065,1.0
1670000,0.4089942,0.0,13.15373,1.485591,0.098853484,6.6687506e-05,248.0,37.45439773924807,37.45439773924807,1.0
1680000,0.39966437,0.0,13.35776,1.6103613,0.103400335,6.649912e-05,247.78378378378378,36.62391048983524,36.62391048983524,1.0
1690000,0.4194397,0.0,13.447207,1.3826991,0.09847583,6.630961e-05,248.0,36.845451379433655,36.845451379433655,1.0
1700000,0.43242866,0.0,13.479454,1.3670894,0.10021105,6.609779e-05,245.66666666666666,36.282237123040595,36.282237123040595,1.0
1710000,0.43665066,0.0,13.461237,1.3204482,0.09545494,6.588847e-05,248.0,36.452347894994226,36.452347894994226,1.0
1720000,0.424031,0.0,13.493572,1.072573,0.10069028,6.570015e-05,247.70454545454547,36.30683080885145,36.30683080885145,1.0
1730000,0.45950094,0.0,13.404492,1.4809453,0.09573169,6.5511485e-05,247.72727272727272,36.50195108458053,36.50195108458053,1.0
1740000,0.4149525,0.0,13.573407,1.4491643,0.09351167,6.530447e-05,247.1081081081081,36.89667681643837,36.89667681643837,1.0
1750000,0.41151023,0.0,13.434283,1.4098908,0.09903644,6.5096414e-05,247.32432432432432,36.37677184740702,36.37677184740702,1.0
1760000,0.4147425,0.0,13.402698,1.4316657,0.09603424,6.488511e-05,247.44736842105263,35.819201065943794,35.819201065943794,1.0
1770000,0.41016823,0.0,13.274637,1.516912,0.09997841,6.469728e-05,247.07142857142858,35.74668335914612,35.74668335914612,1.0
1780000,0.40488487,0.0,13.176997,1.2051857,0.09729442,6.450799e-05,248.0,36.28737079529535,36.28737079529535,1.0
1790000,0.41704115,0.0,13.091815,1.5556182,0.10440062,6.429609e-05,246.52380952380952,36.74458983966282,36.74458983966282,1.0
1800000,0.43009347,0.0,13.267069,1.3593428,0.09624431,6.410565e-05,247.64864864864865,35.9059774373707,35.9059774373707,1.0
1810000,0.41613185,0.0,13.086184,1.4150856,0.09769367,6.3914486e-05,247.85,36.06235171587039,36.06235171587039,1.0
1820000,0.39391664,0.0,13.120348,1.4257755,0.0965831,6.370404e-05,247.11627906976744,36.42755971171639,36.42755971171639,1.0
1830000,0.41786805,0.0,13.401736,1.367652,0.09508036,6.349292e-05,248.0,36.39140526453654,36.39140526453654,1.0
1840000,0.4098173,0.0,13.404106,1.3439432,0.09369217,6.330175e-05,247.625,36.87446801662445,36.87446801662445,1.0
1850000,0.4261283,0.0,13.606038,1.3126763,0.09494895,6.3113344e-05,247.52777777777777,36.93350684302194,36.93350684302194,1.0
1860000,0.4103651,0.0,13.354406,1.8070486,0.09709396,6.2904175e-05,246.20454545454547,37.53886618397453,37.53886618397453,1.0
1870000,0.41196397,0.0,13.414958,1.7085724,0.10476084,6.2693434e-05,245.0,36.450042149959465,36.450042149959465,1.0
1880000,0.43197545,0.0,12.894113,1.2654779,0.09128662,6.2483974e-05,248.0,35.77439725663927,35.77439725663927,1.0
1890000,0.43495756,0.0,13.423051,1.6290462,0.09506935,6.229365e-05,248.0,36.89842621485392,36.89842621485392,1.0
1900000,0.42634484,0.0,13.144206,1.4115918,0.098101184,6.210289e-05,246.78048780487805,36.50616635595049,36.50616635595049,1.0
1910000,0.42773998,0.0,13.666861,1.5637982,0.09191153,6.1894025e-05,247.41176470588235,37.61530615301693,37.61530615301693,1.0
1920000,0.43711132,0.0,13.020101,1.1978333,0.10357928,6.170313e-05,248.0,37.14201515653859,37.14201515653859,1.0
1930000,0.43814936,0.0,13.31278,1.6535295,0.090592735,6.1512095e-05,245.71052631578948,36.58984405743448,36.58984405743448,1.0
1940000,0.4269722,0.0,12.773793,1.5059117,0.095981196,6.130063e-05,247.9111111111111,36.72354773415459,36.72354773415459,1.0
1950000,0.41112322,0.0,13.101265,1.3560064,0.10072722,6.108813e-05,248.0,36.889672703213165,36.889672703213165,1.0
1960000,0.42315084,0.0,13.051854,1.6594635,0.09701976,6.0896862e-05,247.92857142857142,36.52476439365121,36.52476439365121,1.0
1970000,0.41775912,0.0,13.291834,1.6049879,0.09763159,6.0705963e-05,247.44444444444446,36.46119973394606,36.46119973394606,1.0
1980000,0.43904606,0.0,13.172693,1.510475,0.10588368,6.0492057e-05,248.0,35.95318201111584,35.95318201111584,1.0
1990000,0.4152532,0.0,13.297043,1.5952737,0.10174903,6.0299888e-05,248.0,36.87734414435722,36.87734414435722,1.0
2000000,0.41655952,0.0,13.006491,1.6730534,0.0980979,6.0108716e-05,247.69767441860466,36.78196157411087,36.78196157411087,1.0
2010000,0.43226647,0.0,12.738005,1.4464715,0.098245054,5.989836e-05,247.425,35.72507493495941,35.72507493495941,1.0
2020000,0.411479,0.0,12.676512,1.4840981,0.09750497,5.9689115e-05,247.0222222222222,36.091878493626915,36.091878493626915,1.0
2030000,0.43406153,0.0,13.239563,1.6471901,0.09396991,5.9500893e-05,247.76470588235293,36.41598334312439,36.41598334312439,1.0
2040000,0.41699785,0.0,13.193022,1.6382987,0.10334526,5.9313497e-05,246.61904761904762,37.73280656628492,37.73280656628492,1.0
2050000,0.40861866,0.0,13.343145,1.3909546,0.098088905,5.9101534e-05,248.0,37.0319287776947,37.0319287776947,1.0
2060000,0.42193565,0.0,13.283716,1.3282274,0.09941662,5.8889964e-05,248.0,36.519929682336205,36.519929682336205,1.0
2070000,0.43259513,0.0,13.268535,1.8764768,0.10271089,5.8700378e-05,247.38095238095238,38.39773998149606,38.39773998149606,1.0
2080000,0.43325204,0.0,13.440058,1.3296715,0.101254985,5.8509548e-05,248.0,36.60898481832968,36.60898481832968,1.0
2090000,0.408978,0.0,13.174545,1.5080757,0.0903732,5.8297195e-05,247.425,36.55928263664246,36.55928263664246,1.0
2100000,0.39769354,0.0,13.386381,1.5625902,0.10159643,5.808593e-05,248.0,37.08326694965363,37.08326694965363,1.0
2110000,0.3976043,0.0,13.227394,1.5124079,0.09987853,5.789632e-05,248.0,36.60346653244712,36.60346653244712,1.0
2120000,0.4012097,0.0,13.355499,1.6561832,0.09624496,5.7705118e-05,247.69230769230768,37.109325445615326,37.109325445615326,1.0
2130000,0.39751515,0.0,13.571915,1.7490469,0.09740217,5.749295e-05,247.51351351351352,37.48866025821583,37.48866025821583,1.0
2140000,0.40981513,0.0,13.451529,1.6343219,0.095608264,5.7301862e-05,247.67567567567568,36.630592545947515,36.630592545947515,1.0
2150000,0.41524002,0.0,13.057834,1.7308624,0.09649281,5.711168e-05,246.3181818181818,35.410839890324795,35.410839890324795,1.0
2160000,0.40810093,0.0,13.26964,1.4005724,0.098082185,5.689981e-05,248.0,37.78248953819275,37.78248953819275,1.0
2170000,0.38860196,0.0,13.149946,1.6487997,0.09573977,5.6688965e-05,247.8181818181818,36.053417142232256,36.053417142232256,1.0
2180000,0.39930922,0.0,13.234191,1.4592861,0.10535868,5.6500565e-05,248.0,34.98058648790632,34.98058648790632,1.0
2190000,0.40122655,0.0,13.361505,1.5012757,0.09756023,5.6307683e-05,247.64102564102564,35.5293714205424,35.5293714205424,1.0
2200000,0.42094123,0.0,13.121796,1.5395856,0.103932425,5.6093144e-05,247.1315789473684,36.51042482015249,36.51042482015249,1.0
2210000,0.39442903,0.0,12.681452,1.2476718,0.105528414,5.590218e-05,248.0,35.65865693850951,35.65865693850951,1.0
2220000,0.3821691,0.0,13.196164,1.5429761,0.10196032,5.5709424e-05,248.0,35.972091341018675,35.972091341018675,1.0
2230000,0.38683987,0.0,13.298505,1.7922661,0.1007941,5.5496603e-05,246.8,37.66840181118104,37.66840181118104,1.0
2240000,0.40156895,0.0,13.460483,1.5679494,0.09546616,5.5305845e-05,247.73684210526315,37.41579188798603,37.41579188798603,1.0
2250000,0.38500756,0.0,13.346255,1.5606099,0.10753192,5.5114575e-05,247.7674418604651,37.12317752838135,37.12317752838135,1.0
2260000,0.39162546,0.0,13.423825,1.721524,0.09431114,5.4900145e-05,246.94871794871796,36.23445520645533,36.23445520645533,1.0
2270000,0.39767733,0.0,13.401432,1.4667474,0.095999174,5.4686137e-05,245.71428571428572,38.47865990230015,38.47865990230015,1.0
2280000,0.42435127,0.0,12.93782,1.6029975,0.09435029,5.4493798e-05,247.94736842105263,36.00594381185678,36.00594381185678,1.0
2290000,0.40341187,0.0,13.334166,1.7597109,0.09398336,5.430252e-05,248.0,37.59684415867454,37.59684415867454,1.0
2300000,0.39416713,0.0,13.021088,1.5750976,0.09640741,5.4090156e-05,247.875,36.625238466262815,36.625238466262815,1.0
2310000,0.38800046,0.0,13.149794,1.5662782,0.095707186,5.389928e-05,247.5909090909091,36.389578916809775,36.389578916809775,1.0
2320000,0.39772755,0.0,13.266279,1.3646463,0.10080918,5.370807e-05,248.0,36.651705249761925,36.651705249761925,1.0
2330000,0.37378472,0.0,13.351053,1.3492548,0.09975394,5.3495634e-05,247.71794871794873,37.34671878814697,37.34671878814697,1.0
2340000,0.38297307,0.0,13.069252,1.195228,0.10165063,5.330454e-05,248.0,36.80698533058167,36.80698533058167,1.0
2350000,0.38978547,0.0,13.111368,1.3339672,0.097612865,5.311328e-05,247.92307692307693,34.234057585398354,34.234057585398354,1.0
2360000,0.39429432,0.0,13.30916,1.6550487,0.10201533,5.2901283e-05,247.325,36.8186831841102,36.8186831841102,1.0
2370000,0.37515908,0.0,13.1024685,1.4755373,0.09189658,5.2688043e-05,247.5,36.58267213106156,36.58267213106156,1.0
2380000,0.37872973,0.0,13.315341,1.4099325,0.09796766,5.249562e-05,247.85365853658536,36.156738224483675,36.156738224483675,1.0
2390000,0.4106161,0.0,13.651117,1.4289875,0.09737125,5.2304393e-05,248.0,36.64947780167184,36.64947780167184,1.0
2400000,0.3822193,0.0,13.318533,1.4280007,0.09473026,5.2091906e-05,248.0,36.82843683987129,36.82843683987129,1.0
2410000,0.3743646,0.0,13.464052,1.3844538,0.09796835,5.1900723e-05,247.75675675675674,36.20234555167121,36.20234555167121,1.0
2420000,0.36604398,0.0,13.367703,1.3562932,0.090111524,5.1709525e-05,248.0,36.18094248649402,36.18094248649402,1.0
2430000,0.38271037,0.0,13.224367,1.5688615,0.09652201,5.1497453e-05,247.05128205128204,36.066081010378326,36.066081010378326,1.0
2440000,0.3725463,0.0,13.100165,1.5254471,0.09731099,5.1286974e-05,247.53333333333333,37.82037776311238,37.82037776311238,1.0
2450000,0.37725133,0.0,13.276258,1.5745795,0.09974422,5.1097333e-05,247.25,35.5800964474678,35.5800964474678,1.0
2460000,0.39835477,0.0,13.292358,1.4417347,0.09877932,5.090597e-05,246.23809523809524,37.14271743123124,37.14271743123124,1.0
2470000,0.37767434,0.0,13.622058,1.4737421,0.107342646,5.0692943e-05,247.5142857142857,35.55169602814648,35.55169602814648,1.0
2480000,0.3801446,0.0,13.375712,1.4348178,0.099072814,5.050218e-05,247.28571428571428,35.804764340563516,35.804764340563516,1.0
2490000,0.37209007,0.0,13.4938755,1.3536456,0.09457191,5.0309267e-05,248.0,36.666937442052934,36.666937442052934,1.0
2500000,0.3615857,0.0,13.419131,1.2699318,0.09886786,5.009622e-05,248.0,36.67280173301697,36.67280173301697,1.0
2510000,0.3637728,0.0,13.320803,1.3492521,0.10123469,4.9905073e-05,248.0,36.433927268516726,36.433927268516726,1.0
2520000,0.3569599,0.0,13.275263,1.4326264,0.09919478,4.9713715e-05,247.81578947368422,36.77385832812335,36.77385832812335,1.0
2530000,0.3621497,0.0,13.162135,1.3312242,0.098767236,4.950136e-05,248.0,35.02272726768671,35.02272726768671,1.0
2540000,0.38065338,0.0,13.408538,1.7682598,0.10021534,4.9289643e-05,245.74358974358975,37.421761858463285,37.421761858463285,1.0
2550000,0.37270764,0.0,12.959549,1.4950445,0.0908497,4.9097136e-05,247.73809523809524,36.58022994086856,36.58022994086856,1.0
2560000,0.37539262,0.0,13.385066,1.6195008,0.098895274,4.890585e-05,247.78947368421052,37.742898865749964,37.742898865749964,1.0
2570000,0.39483,0.0,13.268323,1.7664102,0.10123803,4.869419e-05,246.625,37.646141517453074,37.646141517453074,1.0
2580000,0.3694583,0.0,13.517176,1.7803435,0.09369056,4.8504036e-05,246.71052631578948,36.076948133674826,36.076948133674826,1.0
2590000,0.37459126,0.0,13.1723995,1.5315418,0.091573454,4.831302e-05,248.0,35.96846055984497,35.96846055984497,1.0
2600000,0.4044956,0.0,13.052279,1.3645769,0.10328023,4.8100886e-05,247.4102564102564,35.17807148664426,35.17807148664426,1.0
2610000,0.37250024,0.0,12.874979,1.2269303,0.100601986,4.788927e-05,247.04545454545453,36.356890960173175,36.356890960173175,1.0
2620000,0.38617706,0.0,13.450308,1.5628654,0.09834111,4.769755e-05,247.78947368421052,36.3403617669093,36.3403617669093,1.0
2630000,0.36999014,0.0,13.357224,1.7289909,0.10394645,4.750475e-05,247.225,37.29646956920624,37.29646956920624,1.0
2640000,0.34938234,0.0,13.196875,1.3160716,0.09416055,4.7293222e-05,248.0,36.50144044558207,36.50144044558207,1.0
