Steps,Policy/Entropy,Environment/Lesson,Policy/Extrinsic Value Estimate,Policy/Curiosity Value Estimate,Losses/Value Loss,Losses/Policy Loss,Policy/Learning Rate,Losses/Curiosity Forward Loss,Losses/Curiosity Inverse Loss,Environment/Cumulative Reward,Environment/Episode Length,Policy/Extrinsic Reward,Policy/Curiosity Reward
10000,2.1881647,0.0,-0.094634436,0.041243277,0.0017798846,0.094812796,0.00029983313,0.09666072,1.3822862,-0.9715249312110246,247.125,-0.9707949620026809,0.2122558668637887
20000,2.0902126,0.0,-0.24472934,0.09747618,0.0007032569,0.10565199,0.00029953365,0.18437418,1.2778666,-0.9999999310821295,248.0,-1.0000000894069672,0.4686964535803506
30000,1.8990732,0.0,-0.3098941,0.1887108,0.0012768809,0.10594499,0.00029925836,0.34144962,1.1104411,-0.9999999310821295,248.0,-1.0000000894069672,1.0239082105457782
40000,1.5275998,0.0,-0.34234124,0.44506338,0.0074772965,0.10009026,0.00029898708,0.4740513,0.8576636,-0.7664774136768805,223.56756756756758,-0.8023334137267537,1.5022873079611196
50000,1.3877853,0.0,-0.32432464,0.48044837,0.0058911266,0.09593313,0.00029866133,0.27852046,0.5611252,-0.6668732723221182,209.96,-0.6435164078777912,0.7221112184810872
60000,1.369112,0.0,-0.02459043,0.36117825,0.02934446,0.09960623,0.00029834238,0.21257591,0.4817802,0.40102606919208483,82.203125,0.3967900090799557,0.19589487050007295
70000,1.2719333,0.0,0.31249553,0.3067711,0.031337343,0.096875854,0.00029802538,0.20288286,0.4465386,0.6005789679916281,56.72631578947368,0.6107842001475786,0.12366561372274239
80000,1.3011683,0.0,0.46886635,0.26907796,0.025145136,0.09745175,0.0002977473,0.18035775,0.45709556,0.7016493081880989,46.38388625592417,0.6924660342847001,0.08934946639476547
90000,1.2094373,2.0,0.6049549,0.2362333,0.02361259,0.09722158,0.00029746856,0.15733802,0.51227415,0.8459642273252487,27.65950920245399,0.8459846677224329,0.04332914476231472
100000,1.0133862,8.0,0.8268672,0.24117081,0.00601997,0.0940655,0.00029716286,0.10497216,0.26646262,0.932222426363769,16.097053726169843,0.9322686360655046,0.016676740728938495
110000,1.0179466,10.0,0.8237976,0.2522974,0.0030619304,0.09666908,0.00029685075,0.1301932,0.39485192,0.627998337460061,52.782828282828284,0.6800414418000631,0.0836675734104772
120000,0.9631456,10.0,0.24206336,0.23898287,0.0028203886,0.09841272,0.00029653113,0.12851779,0.32163116,-0.7795609105435177,229.609756097561,-0.7898140300151913,0.2884196100193401
130000,1.0718757,10.0,0.002053406,0.23023185,0.005503821,0.09871943,0.00029625857,0.15384704,0.2880149,-0.3853263351532708,183.33333333333334,-0.43260902624863845,0.34383128022846693
140000,1.0168089,10.0,-0.026330352,0.25304416,0.014594993,0.09775687,0.000295964,0.15826514,0.2649247,-0.1538688043956874,160.04918032786884,-0.15386888580244096,0.263267928467239
150000,1.0313033,10.0,-0.008623133,0.22533613,0.016528348,0.096157804,0.00029564858,0.15077221,0.2223876,0.04109457025387839,137.70149253731344,0.0568282635826053,0.21067457877551066
160000,1.0010546,10.0,-0.02140286,0.1869214,0.011638375,0.100639544,0.00029533816,0.1329675,0.23078887,-0.3135262634564322,177.859649122807,-0.3134795761944955,0.24815729881326357
170000,1.0180119,10.0,-0.018081268,0.16278471,0.01860057,0.10092123,0.00029505504,0.13820861,0.21606342,0.02257623214474214,139.5142857142857,0.02253806803907667,0.19781978489564997
180000,0.9909771,10.0,0.00021243698,0.14634106,0.013465953,0.10232414,0.00029477538,0.12183584,0.2122804,-0.1548163795614264,156.94202898550725,-0.1547971354878467,0.19883329572453015
190000,0.9384641,10.0,0.057321806,0.13456912,0.020033363,0.09496709,0.00029446324,0.11273365,0.16977456,0.27207598753002343,114.37974683544304,0.27205905846402617,0.13463907737190586
200000,0.9678119,10.0,0.141643,0.1258765,0.018806558,0.094746165,0.00029414787,0.11141378,0.17351323,0.2544186384942339,109.63953488372093,0.24003064187093712,0.12695746789632859
210000,0.93758106,10.0,0.15151033,0.12454216,0.017669186,0.0941997,0.00029383734,0.11581087,0.19897026,0.15171376139418605,122.65882352941176,0.16539283983764194,0.14038822461762243
220000,0.91488427,10.0,0.1913544,0.12451104,0.021290436,0.100911565,0.00029355558,0.114616096,0.16555828,0.37161907728503657,93.57142857142857,0.355520827163543,0.11379377603589091
230000,0.9201174,10.0,0.25155768,0.12600909,0.018357156,0.09446739,0.00029327354,0.119911775,0.18142775,0.3622574584355744,96.48514851485149,0.3801221062641333,0.11691983256691901
240000,0.90134746,10.0,0.27814695,0.12328318,0.018375425,0.100018166,0.0002929627,0.106578745,0.18927391,0.40037781318782695,96.45714285714286,0.3838031720547449,0.10843255852038662
250000,0.8768003,10.0,0.34245577,0.116880305,0.01994076,0.09629168,0.0002926534,0.10483007,0.17559494,0.5978980368322957,71.52985074626865,0.5967537398213771,0.07575748318201626
260000,0.86133236,10.0,0.41129878,0.11751709,0.016878037,0.10242599,0.00029234067,0.10399457,0.16912238,0.5512572429986216,75.71653543307086,0.551855647423136,0.08284951895695385
270000,0.915024,10.0,0.33015448,0.11536391,0.016070073,0.09647404,0.00029205735,0.09929235,0.17368579,0.3352867018966936,100.0,0.33464666217565536,0.10055957437725738
280000,0.8859575,10.0,0.37579274,0.11437437,0.018044177,0.09761765,0.00029177513,0.10092591,0.1851711,0.5872789862423686,70.2482269503546,0.6006241250545421,0.07161262088805331
290000,0.8830596,10.0,0.3884281,0.11051068,0.016642604,0.097514756,0.00029146406,0.09735027,0.20031896,0.49066403015702964,82.264,0.4728736543366986,0.08578280797753964
300000,0.861465,10.0,0.43072584,0.110807694,0.01790376,0.0988485,0.00029115484,0.09393606,0.19457057,0.5977622801609173,68.33823529411765,0.6130827325974068,0.06296080889275474
310000,0.88024825,10.0,0.42539012,0.117206894,0.017022513,0.097421005,0.00029084535,0.101571396,0.20737088,0.5372399267013834,74.9090909090909,0.5233181841445692,0.08159902288620784
320000,0.8932136,10.0,0.38664886,0.12374257,0.018274378,0.093690485,0.00029053428,0.09954898,0.19265437,0.515582742171224,75.66666666666667,0.5179607826558983,0.08040038321804091
330000,0.8486717,10.0,0.44852322,0.12595116,0.020150334,0.10087857,0.00029025387,0.09514516,0.18492742,0.6602760952643113,59.441717791411044,0.6602760778248675,0.06056687639643398
340000,0.84174526,10.0,0.46811438,0.12186256,0.01754854,0.10089266,0.0002899746,0.08723273,0.18353984,0.640025501802362,61.92356687898089,0.6505213700808011,0.05431217862627445
350000,0.8126361,10.0,0.47200924,0.118600905,0.017838132,0.09678231,0.00028966437,0.09820213,0.17074499,0.6543353518183918,60.01197604790419,0.6430039953685807,0.06102184062366357
360000,0.8221538,12.0,0.5733827,0.12439458,0.011749421,0.10133245,0.00028935572,0.08005586,0.14621747,0.8421445154846449,32.44827586206897,0.8424035992984679,0.03139879947811292
370000,0.85981935,12.0,0.33568227,0.120685026,0.005253119,0.10278252,0.00028904842,0.096614614,0.13026845,-0.4095028696516365,184.08771929824562,-0.4095029768190886,0.1888775940363606
380000,0.8078568,12.0,0.0437343,0.10894879,0.0075263144,0.09441054,0.0002887519,0.078361616,0.11558585,-0.37193458672959867,179.72549019607843,-0.3801000428199768,0.1589567487873137
390000,0.7710108,12.0,-0.076272644,0.09787092,0.008827638,0.08867658,0.0002884377,0.07430611,0.12517576,-0.4624443874416644,193.01754385964912,-0.44428659844816776,0.15147931533947326
400000,0.7011668,12.0,-0.1598743,0.087247305,0.009868201,0.09950064,0.00028815502,0.07017295,0.0880852,-0.4172679182854207,191.07843137254903,-0.41726802318703893,0.1423297574853196
410000,0.7129027,12.0,-0.119808644,0.07902934,0.014520924,0.10150273,0.0002878736,0.06997904,0.11252107,-0.1378544142115599,149.32394366197184,-0.1255571642092296,0.10524722569888191
420000,0.70616317,12.0,-0.04899103,0.0732699,0.017306376,0.096616186,0.0002875594,0.06310401,0.10416331,-0.02335643993056793,139.93055555555554,-0.06252970679165566,0.09261354314137811
430000,0.7274017,12.0,0.02842755,0.066397645,0.020220652,0.10301248,0.00028724564,0.056581814,0.07715081,0.231412222951911,113.0,0.2318279493239618,0.06498878044627046
440000,0.7118627,12.0,0.08521831,0.06800165,0.016981725,0.09529439,0.00028693007,0.06319551,0.11012161,0.09820782945358328,123.6103896103896,0.09772292940647571,0.08318010701302003
450000,0.6874476,12.0,0.13102236,0.07041021,0.020129928,0.10179959,0.00028665067,0.06650777,0.10864806,0.24859797328556935,106.85567010309278,0.24888659291660664,0.07080597959977296
460000,0.64179647,12.0,0.18231077,0.07284482,0.018549275,0.09866022,0.00028637104,0.07158254,0.12532063,0.27996494542121103,102.6,0.28027368062420893,0.07867008597639046
470000,0.63036585,12.0,0.30641687,0.07262623,0.018968437,0.10090854,0.0002860582,0.06255432,0.1172926,0.4561194725548072,82.825,0.45918457714979316,0.05224764513329041
480000,0.6485982,12.0,0.33151647,0.07027817,0.017418517,0.10463534,0.00028574868,0.06176098,0.13977979,0.4994224428403962,78.80172413793103,0.4963768191959547,0.04887068665626904
490000,0.65801466,12.0,0.30951986,0.06974567,0.016811414,0.09875457,0.0002854353,0.06035922,0.16010407,0.3855395789921157,91.14406779661017,0.4012033969669019,0.05550639412634201
500000,0.6957387,12.0,0.31990254,0.07720169,0.017387241,0.101594985,0.00028512374,0.06232947,0.18156075,0.4767589589734728,82.88392857142857,0.4570720805241181,0.05525685530491509
510000,0.62567073,12.0,0.37098563,0.079196684,0.017308746,0.10306674,0.00028484743,0.053256266,0.1459302,0.5386715963695143,73.88235294117646,0.5409610789187633,0.04452875440763514
520000,0.5830306,12.0,0.4108713,0.07111781,0.015620942,0.10175625,0.00028456963,0.05059401,0.115958676,0.5296399319768768,74.58394160583941,0.5292506237534711,0.03989066236251353
530000,0.59756136,12.0,0.40418184,0.0600608,0.013881994,0.09912585,0.0002842544,0.044644244,0.10244276,0.541987401567343,73.75,0.5422500139384558,0.03541846388852167
540000,0.5528282,12.0,0.40181637,0.05516251,0.015634194,0.104564026,0.00028394526,0.049876656,0.092205524,0.5764762175335948,69.14285714285714,0.5762190601655415,0.03429042110552213
550000,0.532143,12.0,0.41072863,0.051135734,0.016021032,0.098464236,0.00028363406,0.042215563,0.078401394,0.5745991254838914,68.23648648648648,0.5747612765109217,0.0318362009365464
560000,0.45877975,12.0,0.3980679,0.039452743,0.0145219,0.103751585,0.0002833251,0.023992982,0.02833566,0.5665596370843586,69.02919708029196,0.5778725616195622,0.017898154006723094
570000,0.5475711,12.0,0.4410105,0.031191489,0.014492568,0.096764,0.00028304345,0.031739406,0.051696524,0.5928849191790139,68.44604316546763,0.5948428741523197,0.020397483936644027
580000,0.62488216,12.0,0.45355514,0.036118507,0.017090362,0.0969844,0.00028276295,0.040369757,0.10692674,0.5927736103950572,66.17610062893081,0.5810901620103128,0.02907118063900362
590000,0.6032386,14.0,0.603893,0.047734253,0.011551803,0.09989277,0.00028245454,0.046610173,0.12092712,0.8010833526743766,41.90277777777778,0.799551426389507,0.019046975417219312
600000,0.8110671,15.0,0.6357873,0.064504325,0.009531096,0.09743748,0.00028214636,0.06306499,0.3290058,0.7717854834330129,44.08510638297872,0.7742722622699139,0.032667879123699055
610000,0.67717326,15.0,0.48947597,0.094980925,0.015069941,0.10331468,0.00028183422,0.076577015,0.32851893,0.5828571700313616,70.95918367346938,0.5811484176410388,0.06127331599159396
620000,0.56048775,15.0,0.51100177,0.11331179,0.015141116,0.095007464,0.0002815533,0.07761156,0.130373,0.6334947172676919,63.56687898089172,0.6451656226139919,0.0561897334150353
630000,0.5103252,17.0,0.56508183,0.12416411,0.015865143,0.09786532,0.00028127182,0.07957247,0.117837265,0.8251404527529504,37.00925925925926,0.8167296619184555,0.02858541918326221
640000,0.6942989,17.0,0.30371904,0.16128339,0.009769456,0.0988706,0.00028094198,0.13259983,0.20937362,-0.6245628996234801,221.0,-0.6245630390114254,0.3233257667678926
650000,0.7075929,17.0,0.07613829,0.14573851,0.009810046,0.10646576,0.0002806473,0.11419251,0.18662636,-0.2803584322781425,195.8679245283019,-0.2803585478719675,0.2340796809063627
660000,0.67752576,17.0,0.012661143,0.1310602,0.010544049,0.097019,0.0002803672,0.100555755,0.14028355,-0.2633790263230456,196.68627450980392,-0.28070671916007994,0.19666153468191624
670000,0.6616996,17.0,0.04681597,0.11494939,0.011368715,0.09338193,0.0002800551,0.0883155,0.12131693,-0.12095396819219378,175.51724137931035,-0.12111500368036072,0.1672312133014202
680000,0.6602468,17.0,0.053205732,0.10353634,0.011280645,0.092966996,0.00027974093,0.08695656,0.1198862,-0.017284891883572264,168.33870967741936,0.008720374876453031,0.14554375751439722
690000,0.6693226,17.0,0.14841348,0.094363354,0.010138974,0.10733837,0.00027942713,0.071738444,0.10431,0.016709045817454655,161.20634920634922,-0.008121737412043981,0.12085866778054172
700000,0.67367494,17.0,0.16270414,0.08075275,0.009978888,0.10343466,0.00027914558,0.0627949,0.095519565,0.17150560528971254,151.76666666666668,0.17794530508948153,0.09878347917139287
710000,0.70786744,17.0,0.15856226,0.08030419,0.012084749,0.09837064,0.00027886062,0.07520265,0.12783204,0.09585251091582486,159.18032786885246,0.09585240190146399,0.11810633353650432
720000,0.6839912,17.0,0.12537357,0.08361199,0.011455933,0.10188504,0.00027854787,0.066851944,0.13903803,-0.0588847957636145,176.94545454545454,-0.04145684286400124,0.13186993918174672
730000,0.639352,17.0,0.12410244,0.07153558,0.009846615,0.09621497,0.00027823437,0.060077988,0.121198595,-0.171115586795483,194.3265306122449,-0.18769339621067047,0.12468758062692359
740000,0.7055312,17.0,0.037056644,0.06484683,0.012304176,0.10149272,0.0002779537,0.05410526,0.12232048,-0.17276464507677683,193.66666666666666,-0.17276475943771064,0.11882209592252313
750000,0.6943047,17.0,-0.033572156,0.065073766,0.009831228,0.09622927,0.0002776705,0.06585128,0.17250726,-0.4165506627633358,211.30434782608697,-0.4165507943733879,0.12569970900380134
760000,0.67726785,17.0,-0.08022491,0.066867545,0.013166711,0.096323274,0.00027735517,0.05347956,0.1138796,-0.2699875954573077,204.75925925925927,-0.2699877067848488,0.1182990313930161
770000,0.70687973,17.0,-0.070669636,0.0716881,0.010611089,0.10007222,0.00027704524,0.07205762,0.15567553,-0.3758793730447267,204.04255319148936,-0.37587949316552344,0.15451064366510414
780000,0.64692044,17.0,-0.089743905,0.06965475,0.012776469,0.09658439,0.0002767353,0.061481643,0.12411557,-0.18342547117177635,198.48936170212767,-0.1834255907129734,0.12694392285924008
790000,0.6458386,17.0,-0.022585802,0.07039164,0.016932568,0.09908811,0.0002764547,0.068557955,0.1440785,-0.11594636954084438,192.60714285714286,-0.0998970318924297,0.1210728130641986
800000,0.63590395,17.0,0.07077413,0.07521374,0.0144114075,0.09656848,0.00027617379,0.06903621,0.17244235,0.17646241406985227,156.19354838709677,0.17646231622465194,0.11811940870980071
810000,0.6299237,17.0,0.09250262,0.07890335,0.011225529,0.10021235,0.00027585743,0.06623657,0.17716952,-0.059065521011495446,173.19672131147541,-0.08521317067693492,0.11969260735719724
820000,0.59048176,17.0,0.07919494,0.07737972,0.016423212,0.09490546,0.00027553955,0.06638121,0.13261786,0.18805560664040968,159.95,0.19287772625684738,0.11104885921134458
830000,0.56423146,17.0,0.13808465,0.08097535,0.016217623,0.09870982,0.00027522794,0.07401756,0.12686244,0.2064098876969675,164.1639344262295,0.20756826977260778,0.12132504502154856
840000,0.58195543,17.0,0.1486473,0.08708141,0.014373651,0.09714906,0.00027494802,0.074642785,0.14587088,0.18821116340889907,159.9,0.18899995723708732,0.1281275227427345
850000,0.60187507,17.0,0.1298131,0.08721836,0.016547063,0.10240638,0.00027466528,0.07442023,0.15118417,0.23419492096425248,155.43076923076924,0.2341948266212757,0.11427742032011827
860000,0.5403874,17.0,0.15840764,0.09088282,0.01502977,0.09667063,0.00027435104,0.07815369,0.14395049,0.31498316484444505,132.1139240506329,0.3121623473289685,0.11060962513184701
870000,0.5491551,17.0,0.24482241,0.09541375,0.013848171,0.10075362,0.0002740379,0.07667497,0.12155549,0.4183658954982714,119.90243902439025,0.4221706862856702,0.09519604061412193
880000,0.5679137,17.0,0.29474765,0.09190365,0.011342407,0.097217366,0.00027372577,0.06729092,0.13143934,0.38502226264216005,122.54666666666667,0.3787466279665629,0.08453405000502244
890000,0.51168555,17.0,0.30476663,0.08224297,0.01057135,0.09555332,0.00027344277,0.061804008,0.105340034,0.43710313120511235,108.75257731958763,0.4377490976422103,0.06852532891777449
900000,0.4956748,17.0,0.388096,0.078033425,0.009638262,0.09342642,0.00027316198,0.064779334,0.113619044,0.5341028713700461,102.06382978723404,0.5351227600323526,0.0652314404583242
910000,0.46571735,17.0,0.3976864,0.082852915,0.009109801,0.09998902,0.00027285056,0.06436294,0.09144069,0.5056274848734486,102.91176470588235,0.5056274077471565,0.06967914574131867
920000,0.41655275,17.0,0.44627988,0.08103279,0.0066883876,0.09493564,0.0002725401,0.053488158,0.06867268,0.6141858729224784,86.61946902654867,0.6134642482336078,0.04848555080492848
930000,0.39304167,17.0,0.4636132,0.07601425,0.006028964,0.10226011,0.00027222876,0.055751085,0.075270474,0.5834294618925432,91.90990990990991,0.5833933611173887,0.053325793319927144
940000,0.333373,17.0,0.5163907,0.072212666,0.0056287693,0.09605033,0.00027195195,0.047390413,0.06440855,0.6609416965007161,81.69166666666666,0.6654638536274433,0.03830516141218444
950000,0.29523414,17.0,0.54250675,0.07021399,0.003708904,0.09788536,0.00027167323,0.037917618,0.056012727,0.6953174890728578,75.23015873015873,0.6910734519245118,0.030255116630477582
960000,0.30131516,17.0,0.5237281,0.068251334,0.0038418504,0.09144275,0.0002713644,0.037550747,0.055402488,0.6434444742378338,80.48062015503876,0.6429166337475181,0.0306042577012704
970000,0.3187739,17.0,0.54963446,0.06910004,0.0033754867,0.094858885,0.0002710514,0.037126843,0.049431875,0.6796217231220374,77.15079365079364,0.6795687578500264,0.030308841749848353
980000,0.32948405,17.0,0.54422665,0.07511787,0.0029864938,0.10170404,0.00027074158,0.034266345,0.05121852,0.6829974450633045,76.3953488372093,0.6830490635809048,0.026954430126577847
990000,0.34297916,17.0,0.56443983,0.088690914,0.0027935975,0.09827457,0.00027043404,0.03190015,0.0364901,0.6900491262172428,76.50387596899225,0.6901420890822891,0.025804472220845
1000000,0.45881274,17.0,0.5432551,0.09668819,0.004491865,0.09904751,0.00027012572,0.04311453,0.03734575,0.6162857473786322,86.02678571428571,0.616178534924984,0.038622991231802316
1010000,0.48946032,17.0,0.43389657,0.090971746,0.00890734,0.09052039,0.00026984405,0.03933143,0.034686554,0.4857019557295224,96.23076923076923,0.48574034955639106,0.04094645054787039
1020000,0.48799738,18.0,0.5063998,0.07540764,0.01170156,0.09790252,0.0002695621,0.03257954,0.035453457,0.7216954691010601,61.388489208633096,0.7215904680745943,0.023072211345424875
1030000,0.48645106,18.0,0.42024314,0.073013216,0.010153228,0.0896914,0.0002692489,0.038488787,0.047026407,0.44930744097154174,100.47777777777777,0.4474606517325626,0.04103353226314079
1040000,0.64053726,18.0,0.31204727,0.06375628,0.012509343,0.0990294,0.00026893517,0.03298444,0.039717454,0.29722584355422244,112.74193548387096,0.31454837162007565,0.03839031952591012
1050000,0.73277265,18.0,0.3019694,0.05380694,0.012738568,0.09641658,0.00026862454,0.033617713,0.03890536,0.39412906445983437,99.33333333333333,0.37474191861767925,0.036278230113087485
1060000,0.8679285,18.0,0.32974806,0.04697333,0.014827397,0.095287815,0.0002683473,0.030145818,0.050111085,0.4637434175589107,87.39682539682539,0.463203702417631,0.025623159558837493
1070000,0.64218795,19.0,0.5656359,0.05380105,0.013081729,0.09420505,0.00026806374,0.025350288,0.03315304,0.7400435017695165,53.18478260869565,0.7398768211512462,0.01616658732139157
1080000,0.72490585,21.0,0.74367166,0.06314004,0.007585107,0.09856851,0.00026775408,0.041298173,0.05922501,0.8295802657397602,41.68518518518518,0.830870381935879,0.02102788505403118
1090000,0.74098533,22.0,0.53093606,0.059222993,0.007705313,0.10012932,0.0002674386,0.058960833,0.06056316,0.6808501598172525,78.81395348837209,0.6800852593525436,0.048148072609865616
1100000,0.76150954,22.0,0.5282419,0.04762505,0.0067541366,0.10044153,0.000267127,0.037605297,0.036261935,0.678758095157513,75.29838709677419,0.6782741940790608,0.03010048477764001
1110000,0.6606902,22.0,0.5316381,0.038397003,0.007859792,0.09730345,0.00026684772,0.027058646,0.029753122,0.6553442934527993,81.01639344262296,0.6573770485940527,0.02428467499023517
1120000,0.6110299,23.0,0.5459221,0.037350107,0.006707707,0.099756695,0.0002665661,0.03285652,0.037557013,0.6653937277013773,74.79527559055119,0.6774908144642987,0.02707063551904179
1130000,0.51977146,23.0,0.43835485,0.03297937,0.01010667,0.093425736,0.0002662505,0.024959916,0.02364797,0.37632272970872593,104.29787234042553,0.3550429969064651,0.026382658019742017
1140000,0.53160954,23.0,0.31219226,0.029289206,0.013626957,0.0970308,0.0002659371,0.030169487,0.03163664,0.38369383780978794,115.0813953488372,0.3913179927173702,0.03604239968772999
1150000,0.62155735,23.0,0.3487955,0.029042568,0.014398393,0.09091722,0.00026562557,0.046639044,0.05269303,0.6005238413698473,89.88392857142857,0.5979380393977713,0.04333027450994185
1160000,0.53799975,23.0,0.41911972,0.027155805,0.01150273,0.09591914,0.0002653445,0.02891795,0.02652874,0.517888921568645,99.83333333333333,0.5178888796591291,0.032844980457322856
1170000,0.6540539,25.0,0.51163214,0.024223592,0.010121529,0.10035535,0.0002650665,0.030854989,0.034718342,0.7943280613722487,49.20634920634921,0.7943280583651608,0.015722299069960765
1180000,0.657598,25.0,0.45164266,0.02889339,0.009792703,0.10113257,0.00026474014,0.025261726,0.019628549,0.43839320329686576,119.71794871794872,0.43409089608625934,0.03754571512531997
1190000,0.5829074,26.0,0.4500296,0.025398416,0.009880751,0.09493916,0.00026442966,0.019629657,0.024271466,0.6763381249271333,76.25714285714285,0.6754748379583839,0.015822188450708624
1200000,0.58487654,27.0,0.6171935,0.02601467,0.004657642,0.09885697,0.00026414823,0.025682345,0.02124423,0.786095004804152,51.18279569892473,0.7860285421425008,0.015736645806013024
1210000,0.5140929,29.0,0.65915304,0.022253852,0.0057425015,0.09609319,0.0002638708,0.025023842,0.026699578,0.7868241973702315,52.379120879120876,0.786854277217323,0.013572040297691532
1220000,0.6229901,31.0,0.62552947,0.026114048,0.005031464,0.095452175,0.00026356018,0.018458974,0.03063539,0.8089075174458931,46.8421052631579,0.8089295161458162,0.00825242311265566
1230000,0.48612806,32.0,0.6406432,0.019001788,0.0052495506,0.099682055,0.000263252,0.009843392,0.009152641,0.5654312261709209,86.86238532110092,0.5653455744095899,0.009422512115150211
1240000,0.66300166,33.0,0.49625954,0.021315994,0.008755205,0.089340016,0.00026294158,0.017569358,0.025438378,0.7312958583352156,63.04375,0.731279182061553,0.012209099153551506
1250000,0.8391454,34.0,0.56200594,0.032586467,0.0044983937,0.09589773,0.00026263538,0.033547886,0.07187461,0.49030420516210144,116.7,0.4934708192944527,0.04494517791608814
1260000,0.79999155,34.0,0.4503977,0.033529468,0.0049888333,0.09894514,0.00026235502,0.036853135,0.056154393,0.4515244914467136,129.09333333333333,0.4529912016893688,0.04857698371434756
1270000,0.82978565,34.0,0.3935928,0.03469582,0.005963277,0.104276374,0.00026204376,0.035523176,0.056390602,0.5050667073784603,116.9888888888889,0.5036366665631198,0.044306012749504506
1280000,0.8240503,34.0,0.43737924,0.034377698,0.0048040645,0.102134086,0.00026173575,0.03432413,0.046061583,0.5593480238777964,106.31868131868131,0.5653113192254371,0.035852716090720514
1290000,0.8793358,34.0,0.4570234,0.031170813,0.004003738,0.103580944,0.00026145537,0.03042272,0.037812218,0.6325811527801298,90.84955752212389,0.6274483425427327,0.030157793768623892
1300000,0.76591444,36.0,0.6468331,0.026297485,0.0018519856,0.09865377,0.00026117577,0.01798814,0.032604046,0.823783592178632,43.127962085308056,0.8227788489576765,0.007048431799914776
1310000,0.8128031,37.0,0.60794914,0.02671249,0.0065551875,0.099165626,0.00026085883,0.024545569,0.04472457,0.49247847033719366,104.91764705882353,0.4970038796580115,0.031147255094554058
1320000,0.8011686,38.0,0.4701438,0.02941627,0.012438111,0.09836496,0.00026054605,0.023066161,0.03729079,0.7138583579406259,64.20625,0.7128868112399144,0.017114271369174053
1330000,0.75111026,39.0,0.5577547,0.032070775,0.00684483,0.100697756,0.00026023766,0.03069837,0.032311358,0.6145516503045946,77.51327433628319,0.6167777847302588,0.026133436062720426
1340000,0.74022144,40.0,0.44194126,0.03513737,0.012734935,0.09719672,0.00025992608,0.022379395,0.023971254,0.700458655242828,68.48226950354609,0.6996405020356178,0.016972626805571572
1350000,0.58193034,41.0,0.53772753,0.03219654,0.007700838,0.10363986,0.00025964604,0.012948124,0.007321226,0.6823926822014027,71.97457627118644,0.6874435160119655,0.00917365900509679
1360000,0.6455675,43.0,0.5324693,0.028680427,0.005647941,0.09743972,0.0002593698,0.01618513,0.009520546,0.7064194546361756,67.45695364238411,0.7024194475830785,0.01395099835365468
1370000,0.6481804,44.0,0.58761054,0.024381634,0.0059187827,0.09788119,0.00025905686,0.022366896,0.026421592,0.6473222495871596,70.46666666666667,0.648011123140653,0.020836409555825715
1380000,0.66219455,46.0,0.59900135,0.027127074,0.0035314306,0.10075345,0.00025874647,0.03943416,0.03681549,0.7907614255961227,51.373684210526314,0.791395073214536,0.02112847760075792
1390000,0.5984968,47.0,0.6033769,0.01981956,0.0023912839,0.09834877,0.00025843648,0.011367754,0.0074251643,0.7051196846410505,72.78632478632478,0.7063559116953511,0.009868462004706705
1400000,0.526941,48.0,0.5268847,0.015647897,0.008836377,0.098024905,0.00025815313,0.012860624,0.011355403,0.5909850510946485,89.91011235955057,0.590191010009037,0.011840992950536101
1410000,0.5913478,48.0,0.36673513,0.020171758,0.008802755,0.098237775,0.00025786398,0.023715919,0.023658916,0.20912454073900827,139.19277108433735,0.21420075340443348,0.03455802017306707
1420000,0.6418678,48.0,0.32227367,0.025349852,0.011311339,0.09959556,0.00025755382,0.027268758,0.03257488,0.47446602431116436,107.3265306122449,0.46939111607415335,0.030534837261906693
1430000,0.68630755,49.0,0.46934903,0.029283587,0.0068170265,0.0994133,0.00025724334,0.041927643,0.044513553,0.7066961054909316,72.33823529411765,0.705794104758431,0.033800445630571205
1440000,0.7478308,51.0,0.5990884,0.038128443,0.0038154412,0.09992157,0.00025693345,0.028303165,0.048901923,0.7936597786834125,50.6839378238342,0.7935285265581595,0.01597052708948562
1450000,0.6220466,53.0,0.7581078,0.03591524,0.0020550946,0.097213976,0.00025665146,0.030698476,0.03461628,0.8016050277019425,48.6878612716763,0.8023217937160778,0.016483724289546812
1460000,0.59164196,54.0,0.5140293,0.025359353,0.0063048536,0.09453434,0.00025637093,0.019388182,0.018578479,0.6462095509798799,73.07142857142857,0.6455523893237114,0.01593240951021601
1470000,0.6363758,55.0,0.45317098,0.019763233,0.0026621695,0.09680065,0.0002560435,0.008720824,0.0133946715,-0.14166661764241079,165.6909090909091,-0.10852125070311806,0.017105822129683063
1480000,0.5999347,55.0,0.12186402,0.014447334,0.008652854,0.09856214,0.00025574732,0.009638985,0.016662158,-0.07250903783874078,180.0,-0.08907147284064974,0.018365228864630417
1490000,0.5866973,55.0,0.120391145,0.015694855,0.020192001,0.09559354,0.00025546196,0.012997908,0.011327141,0.43532213476340004,111.66292134831461,0.4353220975131131,0.014439392021629603
1500000,0.6928097,56.0,0.3406188,0.016191356,0.012913631,0.09000441,0.00025514752,0.011497704,0.007099905,0.6688686412619766,74.45985401459853,0.6684117477168056,0.008784637434206054
1510000,0.641941,57.0,0.48024353,0.016061438,0.005719781,0.09481412,0.00025483582,0.010028933,0.0034264761,0.5542222561498145,92.62626262626263,0.556690473641668,0.01059471221868785
1520000,0.6194753,58.0,0.388393,0.024015475,0.008405727,0.098433085,0.00025452403,0.03260328,0.024589866,0.6316324293495931,88.7196261682243,0.6295894776229505,0.035069743127004824
1530000,0.6078794,60.0,0.5525153,0.03168014,0.004314663,0.099722765,0.00025424443,0.022022124,0.020232193,0.8132614596089458,45.76470588235294,0.812071906877499,0.015639114210167535
1540000,0.5648145,63.0,0.7924018,0.035190973,0.002270474,0.09717944,0.00025396812,0.050009567,0.067822464,0.857139105965524,34.802158273381295,0.8572031240309438,0.021026370834933066
1550000,0.61904997,66.0,0.7674553,0.037257735,0.0024892746,0.09638773,0.0002536616,0.04533059,0.0672399,0.8700166269487073,31.60797342192691,0.8701200157403945,0.01562720488368844
1560000,0.38861325,72.0,0.856989,0.051279187,0.001226885,0.09648515,0.00025335356,0.02650094,0.043136768,0.9250945307073203,17.85633270321361,0.925003788872342,0.0067199128002125505
1570000,0.3724286,75.0,0.82908964,0.037723463,0.00077594415,0.10273121,0.00025304663,0.019236432,0.018712271,0.8964166820939378,25.098958333333332,0.896434041361014,0.006290515436376154
1580000,0.2743661,78.0,0.8121583,0.020802617,0.0040235594,0.096155114,0.00025273944,0.016562592,0.02086758,0.87777823682752,29.62948207171315,0.8777883644141848,0.006911077172382705
1590000,0.14068893,79.0,0.5185555,0.015308489,0.009239908,0.105861954,0.0002524508,0.006585852,0.0038601505,0.525700624686426,71.05988023952096,0.5183841411660357,0.00650269341322866
1600000,0.29459026,82.0,0.7532797,0.016003013,0.004381811,0.107034944,0.00025216932,0.007051824,0.009670813,0.8749245422168886,30.38050314465409,0.8762450208799321,0.0028936737231698697
1610000,0.25666457,83.0,0.70057595,0.00846833,0.0034693468,0.09414763,0.0002518575,0.0074511976,0.0079867,0.6101226905826479,70.464,0.6162687516951746,0.0069160073825930675
1620000,0.20563045,83.0,0.4494114,0.007661532,0.010550555,0.095832005,0.0002515472,0.0091007305,0.0049247723,0.4294610924009129,90.1214953271028,0.4258364866364677,0.008791365285122872
1630000,0.21615991,83.0,0.3439828,0.008194231,0.015485247,0.101903126,0.00025123855,0.009124274,0.0038479466,0.4359587321358741,89.06194690265487,0.43927193576829476,0.009033395903156417
1640000,0.21222368,83.0,0.38720703,0.00817226,0.014466514,0.097179994,0.00025092764,0.010372012,0.0067692273,0.4788852750808459,84.11475409836065,0.49110744659565697,0.008870469417311405
1650000,0.22807468,83.0,0.4077784,0.01097555,0.0146421315,0.09809979,0.0002506516,0.012861861,0.008688355,0.5183243514521064,81.12612612612612,0.5019009062298784,0.012470870578728683
1660000,0.20815329,83.0,0.2958239,0.008954306,0.010446527,0.095128134,0.0002503681,0.014076419,0.008314947,0.20959527812720763,119.05952380952381,0.23126586207321712,0.015138070241803126
1670000,0.2840915,83.0,0.33939284,0.011657257,0.01522425,0.09660124,0.0002500596,0.018526547,0.011122602,0.5042535912914153,88.7008547008547,0.48875213178813964,0.01692995705948267
1680000,0.3045628,83.0,0.3760873,0.013689115,0.014408913,0.09391756,0.00024975007,0.022119675,0.015497667,0.5246470877881154,84.21008403361344,0.5254985978122518,0.018389826365590032
1690000,0.27954134,85.0,0.48122674,0.019126184,0.008553515,0.09724687,0.00024944008,0.023971304,0.027737167,0.8115371430019067,46.203791469194314,0.8110821800774307,0.014585950454339492
1700000,0.24794015,87.0,0.6743107,0.014277616,0.0030315747,0.09444055,0.00024913208,0.008991422,0.0099178,0.819155058399016,44.306976744186045,0.8188263757284298,0.005012299518404139
1710000,0.24724321,90.0,0.7746081,0.0121529,0.0040552607,0.09854497,0.00024882524,0.011309561,0.014071378,0.8425102219897873,38.46122448979592,0.8427759658117764,0.005508185982046702
1720000,0.22148272,92.0,0.711799,0.007088559,0.0004164612,0.10267064,0.0002485485,0.00406969,0.002463872,0.8215212309277955,43.71818181818182,0.8215946224895684,0.0020733405387570224
1730000,0.28307083,94.0,0.65423113,0.0044942144,0.0038278133,0.10224599,0.00024826234,0.004972801,0.00365955,0.7851751260724673,51.18987341772152,0.7868025669246722,0.004181316757599147
1740000,0.27309325,94.0,0.5324491,0.011335045,0.0039874953,0.10529269,0.00024795387,0.019126713,0.0088363,-0.26191661121265497,188.85416666666666,-0.2457619619612791,0.03739596824446807
1750000,0.3377814,94.0,0.22727014,0.011656258,0.010812582,0.0976552,0.0002476691,0.016327834,0.010867695,0.28826581078858393,139.43243243243242,0.29025566128835284,0.025706023849747846
1760000,0.36037037,94.0,0.3291639,0.013312132,0.009960227,0.09515364,0.000247353,0.020193538,0.015136138,0.4817333726760219,119.48235294117647,0.4761333006269792,0.024454083709689954
1770000,0.39185083,94.0,0.38903332,0.016458634,0.0073698997,0.09953179,0.00024704382,0.019749679,0.01709244,0.5276276990548371,109.01063829787235,0.5285894387646726,0.023272827777117002
1780000,0.40844133,94.0,0.45454714,0.016636224,0.0050293524,0.09673928,0.00024673302,0.019551136,0.017655082,0.5897033648239449,99.04,0.5890302588843336,0.020975719510596433
1790000,0.44080508,94.0,0.47886172,0.015647115,0.0046496755,0.09800411,0.00024642417,0.016188333,0.020399008,0.5948428002159761,95.54716981132076,0.594352162109231,0.015924559396258905
1800000,0.41560006,97.0,0.64640576,0.012449043,0.0019415333,0.103554,0.00024614632,0.02113896,0.025510583,0.8297128610300843,41.63203463203463,0.8292395622183234,0.009066263044422323
1810000,0.46438473,99.0,0.75227606,0.010543947,0.001358707,0.10059266,0.0002458683,0.009479338,0.015294942,0.8353154937587013,40.236607142857146,0.8352370643615723,0.005346717187720868
1820000,0.40357214,100.0,0.6617301,0.013113714,0.004441525,0.10184944,0.00024554675,0.008991636,0.010380192,0.6084373391942557,82.93577981651376,0.6084373224219051,0.00951119571168044
1830000,0.3703688,100.0,0.44522446,0.01117799,0.010962981,0.097433284,0.0002452538,0.009636097,0.013401749,0.5868898372739276,85.57851239669421,0.5910333362718423,0.007839627746822469
1840000,0.3435596,102.0,0.50489116,0.012762465,0.00780457,0.099864244,0.00024497038,0.010746581,0.014664246,0.7079436889682359,68.50704225352112,0.7025508430409939,0.010049435604200203
1850000,0.41125527,104.0,0.6481771,0.012709891,0.0016301263,0.09877378,0.0002446572,0.009775353,0.014023358,0.7935903000203931,50.661458333333336,0.793652883465426,0.007711812245196282
1860000,0.46387756,106.0,0.6871235,0.022208324,0.0019843662,0.096922845,0.00024434796,0.026108732,0.025907949,0.802313551419682,48.51485148514851,0.8025841769015435,0.013151762677393484
1870000,0.33970776,107.0,0.62524414,0.018047208,0.0015166971,0.09589563,0.00024406124,0.009085227,0.009280694,0.6349555839917489,85.52380952380952,0.6511237902300698,0.007739983052237048
1880000,0.27348757,107.0,0.4670656,0.01383277,0.0086444365,0.10111872,0.00024376498,0.0050871377,0.008322552,0.5019588001341242,105.28865979381443,0.4858453494986308,0.006894976257697016
1890000,0.45778894,108.0,0.46355957,0.0152388755,0.010353914,0.1005163,0.00024343836,0.012679398,0.014471878,0.5355612587098184,97.14285714285714,0.5515101880443339,0.013416229268507461
1900000,0.48996437,108.0,0.36708346,0.01808931,0.010335348,0.10036239,0.00024314973,0.017923871,0.018825103,0.502301454905698,109.96808510638297,0.4844538620177736,0.020403964370687273
1910000,0.49356553,109.0,0.40799937,0.020163113,0.008642824,0.10101795,0.0002428717,0.01770531,0.026254674,0.6584706163648203,82.28571428571429,0.6563417896375818,0.015739952553442474
1920000,0.49681634,111.0,0.5802936,0.018918008,0.00335024,0.09752236,0.0002425648,0.020285035,0.027047837,0.7962991662920477,50.01025641025641,0.7962653369319682,0.01166761466016879
1930000,0.5443327,113.0,0.7238662,0.028834062,0.0017822108,0.096187785,0.00024225711,0.028186038,0.035582907,0.8029343390451937,48.35960591133005,0.803295592956355,0.019115377543264714
1940000,0.5202042,115.0,0.6458026,0.023000505,0.0021870998,0.09311198,0.00024194628,0.017367844,0.027041912,0.7842727491780269,53.03409090909091,0.7839340951483128,0.010206473886040644
1950000,0.49323258,115.0,0.5247285,0.017544642,0.007857459,0.09408627,0.00024162364,0.010749842,0.013297808,0.36463188424484055,142.2089552238806,0.3646318191912637,0.019504445118902584
1960000,0.49570516,115.0,0.32173878,0.01194281,0.015422725,0.09793955,0.00024134459,0.008524396,0.017741358,0.5601524148291598,96.75238095238095,0.5577532138962012,0.008328015031740786
1970000,0.5511163,117.0,0.44535896,0.011675796,0.00718872,0.099680044,0.00024106397,0.008377785,0.013112709,0.710129504977179,71.47933884297521,0.710945333613724,0.006916369082020657
1980000,0.55030835,117.0,0.40841055,0.012630756,0.00836955,0.097764194,0.00024073501,0.012594978,0.017511126,0.24804416365291485,146.02941176470588,0.2403582080976287,0.01899516673188712
1990000,0.5159304,117.0,0.3166049,0.011874714,0.013488891,0.106688365,0.0002404501,0.008747946,0.016145367,0.4595260263523172,97.29357798165138,0.4565925951357241,0.009084521773426482
2000000,0.46098533,118.0,0.42602786,0.015406329,0.00976232,0.09242307,0.00024017051,0.013383463,0.015300262,0.6460616526413051,81.18487394957984,0.6477694335083167,0.016750687967578413
2010000,0.4796867,119.0,0.50508386,0.01955697,0.0042261705,0.09957293,0.0002398584,0.015611351,0.016126217,0.7294089163839818,66.67333333333333,0.7289377840360006,0.010083048046411325
2020000,0.5160307,119.0,0.64035845,0.013640932,0.0009663117,0.09850241,0.00023954811,0.006357844,0.017898982,0.7639918948364693,58.09146341463415,0.7639105886947818,0.0035533450675912476
2030000,0.53024876,119.0,0.64262927,0.011061208,0.0012676626,0.09389758,0.00023924047,0.006352215,0.013781806,0.7467451227472767,59.46470588235294,0.7467843339723699,0.004117467806345838
2040000,0.541595,119.0,0.6598695,0.008222601,0.00072179624,0.09696502,0.0002389322,0.0050221803,0.015429258,0.7695641262875594,56.66863905325444,0.7695562342214867,0.002975716991294947
2050000,0.5313449,119.0,0.6508975,0.0062913387,0.0022320026,0.102506734,0.00023865337,0.006417057,0.011319453,0.7245869361609791,61.82208588957055,0.7245460289753288,0.00393113726071522
2060000,0.5250965,119.0,0.6526139,0.005765763,0.00055088167,0.09926083,0.00023837516,0.005463381,0.0058692284,0.7722197204076854,55.98295454545455,0.7722348702902143,0.0033764824157432568
2070000,0.5362957,119.0,0.66730577,0.0026462113,0.0006751986,0.089761555,0.0002380667,0.0061672693,0.008068483,0.7700058040236032,56.566473988439306,0.7700135077355225,0.0033681252634831073
2080000,0.5370794,119.0,0.66627985,-0.0022133645,0.0009442222,0.09594469,0.00023775962,0.005826552,0.008917282,0.766017567998136,57.57309941520468,0.7659785789355897,0.0037387550709093785
2090000,0.5335154,119.0,0.6672723,-0.002495752,0.0004066112,0.10234825,0.00023745291,0.0067536393,0.011887166,0.7736742668679323,55.67045454545455,0.7736818411133506,0.004015928764684676
2100000,0.5382685,119.0,0.6651224,-0.0026228358,0.00033871958,0.09860416,0.00023714732,0.007381247,0.009579439,0.7746254900690126,55.43258426966292,0.774603015921089,0.004081005997709888
2110000,0.5268286,119.0,0.6700569,-0.0009439356,0.00031324878,0.0959865,0.00023683863,0.0070927916,0.013475344,0.7760949941591344,55.072625698324025,0.7761086426424176,0.0042096479440087015
2120000,0.52137554,119.0,0.6715833,-0.0022155151,0.00044022166,0.09536112,0.00023652795,0.006705782,0.0082761925,0.7763181170874408,55.04571428571428,0.7763182111084461,0.0036025052607080647
2130000,0.5303637,119.0,0.6672187,0.0010289127,0.00050684105,0.09775641,0.00023624931,0.0069928532,0.007041867,0.7672827961708136,55.81460674157304,0.7672903020395322,0.003946345528388877
2140000,0.54223526,119.0,0.67049533,0.00090335327,0.00023883404,0.10253246,0.00023597009,0.0061954996,0.007341842,0.7775703924087186,54.72222222222222,0.7775555925236808,0.003438656086412569
2150000,0.5560512,119.0,0.67268807,0.00090548315,0.00023104677,0.09680034,0.00023566044,0.005612005,0.0073979697,0.7780815044366237,54.55,0.7780815213918686,0.003159390884037647
