Steps,Policy/Extrinsic Value Estimate,Losses/Value Loss,Losses/Policy Loss,Policy/Learning Rate,Policy/Entropy,Environment/Episode Length,Environment/Cumulative Reward,Policy/Extrinsic Reward,Is Training
30000,-0.62445223,0.14612682,0.10563475,9.975033e-05,1.8700628,248.0,1.2435665354132652,1.2435665354132652,1.0
40000,-0.3455731,0.16147432,0.10146759,9.9642086e-05,1.7533891,None,None,None,1.0
50000,0.48538834,0.34680557,0.09700235,9.954991e-05,1.7075182,None,None,None,1.0
60000,1.0065448,0.26821443,0.0956721,9.9465455e-05,1.5882312,248.0,3.7845992520451546,3.7845992520451546,1.0
70000,2.644012,0.856552,0.099719234,9.934998e-05,1.3235413,248.0,12.70943096280098,12.70943096280098,1.0
80000,2.9480648,0.5441076,0.09731799,9.925149e-05,1.3388269,248.0,5.672185134142637,5.672185134142637,1.0
90000,3.2056594,0.55529,0.09954922,9.915199e-05,1.3008387,None,None,None,1.0
100000,3.852342,0.63362956,0.094488576,9.9049605e-05,1.2636075,None,None,None,1.0
110000,4.254713,0.5646128,0.09930468,9.894648e-05,1.2967134,217.0,9.058401226997375,9.058401226997375,1.0
120000,4.560513,0.5997003,0.09850201,9.884315e-05,1.2321748,106.0,9.569666862487793,9.569666862487793,1.0
130000,5.063034,0.52885854,0.10519987,9.8751036e-05,1.1088506,None,None,None,1.0
140000,5.4797177,0.59916186,0.09775345,9.8658864e-05,1.1696069,None,None,None,1.0
150000,4.9992285,0.6556596,0.09814693,9.855481e-05,1.1461891,181.2,9.115946555137635,9.115946555137635,1.0
160000,4.9771676,0.48051462,0.099673264,9.845119e-05,1.1433377,156.0,9.327232360839844,9.327232360839844,1.0
170000,4.829065,0.4018175,0.091615535,9.835861e-05,1.0805275,224.6,7.479204082489014,7.479204082489014,1.0
180000,4.953962,0.47645885,0.0985914,9.825655e-05,1.0761151,174.0,9.256006598472595,9.256006598472595,1.0
190000,5.1967506,0.5362544,0.09167673,9.8153425e-05,1.1007174,157.2,9.249880862236022,9.249880862236022,1.0
200000,5.2117753,0.49481502,0.09864903,9.804987e-05,1.0772947,155.5,9.317478239536285,9.317478239536285,1.0
210000,4.897408,0.39349386,0.097684205,9.79552e-05,1.1062957,214.25,7.062600255012512,7.062600255012512,1.0
220000,4.9408007,0.3839238,0.091770634,9.785754e-05,1.067187,165.66666666666666,9.211497187614441,9.211497187614441,1.0
230000,5.3537574,0.6685028,0.102985166,9.7754426e-05,0.9968455,138.5,9.404683709144592,9.404683709144592,1.0
240000,4.611541,0.37448657,0.100377634,9.7644435e-05,0.9844369,204.5,7.591159373521805,7.591159373521805,1.0
250000,5.2129364,0.5174385,0.105532564,9.754832e-05,0.9025828,182.0,10.877909719944,10.877909719944,1.0
260000,4.8729463,0.527042,0.10056095,9.744812e-05,0.91671735,231.86666666666667,6.4868277082076435,6.4868277082076435,1.0
270000,5.1507444,0.61622334,0.10316023,9.734664e-05,0.89179724,128.33333333333334,7.865085339546203,7.865085339546203,1.0
280000,4.9973207,0.4777492,0.09962567,9.725374e-05,0.8592228,147.8,9.271820092201233,9.271820092201233,1.0
290000,5.1033063,0.3447559,0.09830964,9.7150376e-05,0.88477784,162.5,9.231267243623734,9.231267243623734,1.0
300000,5.01227,0.5263463,0.09689267,9.705685e-05,0.88326937,151.66666666666666,9.356043855349222,9.356043855349222,1.0
310000,5.5796895,0.6164482,0.10607739,9.695177e-05,0.8225498,184.0,8.994827508926392,8.994827508926392,1.0
320000,6.0442853,0.62977993,0.09846159,9.685056e-05,0.8201678,161.33333333333334,9.318856875101725,9.318856875101725,1.0
330000,6.3624716,0.5876962,0.1022982,9.675794e-05,0.7716419,131.0,9.472561836242676,9.472561836242676,1.0
340000,6.241862,0.4473361,0.093010835,9.6655276e-05,0.7437989,187.0,9.108811378479004,9.108811378479004,1.0
350000,6.8344207,0.5809015,0.09893732,9.655183e-05,0.72635263,165.66666666666666,8.639978885650635,8.639978885650635,1.0
360000,7.0788565,0.62873626,0.10175717,9.644797e-05,0.7263587,200.66666666666666,8.993082523345947,8.993082523345947,1.0
370000,7.8357115,0.8955269,0.09863987,9.6343625e-05,0.64867675,174.0,12.64014975229899,12.64014975229899,1.0
380000,7.2239556,0.78082913,0.09679235,9.625016e-05,0.6665013,195.66666666666666,8.990112900733948,8.990112900733948,1.0
390000,6.795605,0.42823058,0.098253645,9.615555e-05,0.708366,184.2,11.28704388141632,11.28704388141632,1.0
400000,6.0713468,0.57607424,0.09423784,9.605003e-05,0.67230546,150.4,9.234418165683746,9.234418165683746,1.0
410000,5.717466,0.5482716,0.09864242,9.594425e-05,0.6415534,164.16666666666666,9.307855496803919,9.307855496803919,1.0
420000,5.588146,0.35073033,0.09772507,9.5848474e-05,0.6446285,166.83333333333334,9.27362929781278,9.27362929781278,1.0
430000,6.0189056,0.60516727,0.09920302,9.575243e-05,0.6267664,171.0,9.30971908569336,9.30971908569336,1.0
440000,6.2023764,0.5819045,0.09772046,9.564896e-05,0.6126297,170.66666666666666,9.25509281953176,9.25509281953176,1.0
450000,5.9806685,0.5475855,0.09941172,9.5543786e-05,0.6020476,166.36363636363637,9.307347796180032,9.307347796180032,1.0
460000,6.27174,0.67938507,0.10764448,9.544728e-05,0.6430964,227.5,7.331390857696533,7.331390857696533,1.0
470000,5.8979445,0.5609108,0.09365019,9.534757e-05,0.61954504,146.25,9.08224804699421,9.08224804699421,1.0
480000,6.396411,0.8211981,0.09839791,9.524808e-05,0.59846795,163.77777777777777,9.297842701276144,9.297842701276144,1.0
490000,5.9076414,0.7119038,0.097920746,9.515367e-05,0.60249174,187.21052631578948,8.53354339223159,8.53354339223159,1.0
500000,5.833231,0.7020446,0.09730143,9.505293e-05,0.54339695,169.7,9.190387988090515,9.190387988090515,1.0
510000,6.154953,0.73360616,0.094847344,9.494645e-05,0.47980472,171.16666666666666,10.979308148225149,10.979308148225149,1.0
520000,6.289794,0.6613235,0.09446829,9.484982e-05,0.44842327,213.27777777777777,8.368482572957873,8.368482572957873,1.0
530000,6.6321974,0.69426167,0.0967233,9.4746196e-05,0.5158995,165.25,7.461216588815053,7.461216588815053,1.0
540000,6.735228,0.62666714,0.09471528,9.465065e-05,0.57567054,220.66666666666666,9.08626421292623,9.08626421292623,1.0
550000,6.7475815,0.7237332,0.10139886,9.4554605e-05,0.48989215,197.42857142857142,9.132896287100655,9.132896287100655,1.0
560000,6.2658715,0.8281636,0.09471466,9.444748e-05,0.5624689,189.75,9.194460585713387,9.194460585713387,1.0
570000,6.2212534,0.43867627,0.10134397,9.434286e-05,0.4906379,None,None,None,1.0
580000,7.103482,0.59124565,0.09806351,9.425015e-05,0.4933281,212.0,14.345698714256287,14.345698714256287,1.0
590000,6.9573975,0.75352365,0.09306902,9.415616e-05,0.44451076,181.5,9.123470067977905,9.123470067977905,1.0
600000,7.1260576,0.6999931,0.09806732,9.405316e-05,0.5221561,157.57142857142858,9.356236656506857,9.356236656506857,1.0
610000,7.461112,0.7560245,0.09267765,9.394784e-05,0.46853256,96.5,9.52057401339213,9.52057401339213,1.0
620000,7.3894186,0.69770306,0.1016656,9.384367e-05,0.45804945,163.375,10.601449862122536,10.601449862122536,1.0
630000,7.42793,0.56337893,0.09512579,9.3750416e-05,0.4757673,163.0,9.299532747268676,9.299532747268676,1.0
640000,7.092248,0.8173051,0.09578853,9.365527e-05,0.41646314,160.71428571428572,9.280292783464704,9.280292783464704,1.0
650000,6.787978,0.66434443,0.097323924,9.354987e-05,0.4205561,175.5,9.272084812323252,9.272084812323252,1.0
660000,7.063005,0.74021375,0.10362784,9.34445e-05,0.44058138,181.25,9.224930822849274,9.224930822849274,1.0
670000,6.6418686,0.7180691,0.09446855,9.334866e-05,0.4371935,205.33333333333334,9.156955162684122,9.156955162684122,1.0
680000,6.5519843,0.7207089,0.10234964,9.3252886e-05,0.3848321,166.375,9.283966079354286,9.283966079354286,1.0
690000,6.6103587,0.72198886,0.10099663,9.314749e-05,0.42594633,169.57142857142858,9.293208292552404,9.293208292552404,1.0
700000,7.0442758,0.6700418,0.09406386,9.3043986e-05,0.4240968,116.0,9.53017282485962,9.53017282485962,1.0
710000,6.226697,0.62369156,0.097061805,9.294521e-05,0.417111,176.33333333333334,9.265464107195536,9.265464107195536,1.0
720000,6.8837166,0.7832974,0.09173474,9.285216e-05,0.4232236,139.66666666666666,9.045703649520874,9.045703649520874,1.0
730000,6.0345087,0.5420999,0.10573595,9.2741466e-05,0.4436176,158.66666666666666,9.342112163702646,9.342112163702646,1.0
740000,6.219588,0.6199315,0.0986264,9.265206e-05,0.4352458,180.0,9.257737600803376,9.257737600803376,1.0
750000,5.568385,0.4314868,0.09991986,9.2554976e-05,0.4577353,158.33333333333334,9.357765634854635,9.357765634854635,1.0
760000,6.1593604,0.48010793,0.09933593,9.245933e-05,0.41474667,153.6,10.417190074920654,10.417190074920654,1.0
770000,5.1843143,0.5786449,0.09568494,9.235313e-05,0.380369,164.625,9.332994394004345,9.332994394004345,1.0
780000,5.552993,0.523864,0.103393294,9.224621e-05,0.37327963,182.6,9.260210752487183,9.260210752487183,1.0
790000,6.1090307,0.6521373,0.09596942,9.214632e-05,0.41099507,155.25,9.371319383382797,9.371319383382797,1.0
800000,5.567842,0.5699543,0.09824977,9.2044196e-05,0.4481444,166.76923076923077,9.297265768051147,9.297265768051147,1.0
810000,5.960736,0.78636205,0.10486687,9.194728e-05,0.44992137,185.6,9.007182125250498,9.007182125250498,1.0
820000,6.6259027,0.8406005,0.09935258,9.1846494e-05,0.4166829,158.625,9.34592467546463,9.34592467546463,1.0
830000,6.1962466,0.6476467,0.09511687,9.174386e-05,0.5035687,164.76923076923077,9.306046999417818,9.306046999417818,1.0
840000,6.104422,0.56522954,0.09918529,9.165421e-05,0.5071642,169.46153846153845,10.088951716056236,10.088951716056236,1.0
850000,5.9666977,0.50455683,0.09120475,9.1555026e-05,0.537248,157.11111111111111,10.494436012374031,10.494436012374031,1.0
860000,6.0016923,0.6840986,0.098434724,9.144765e-05,0.51271844,176.21428571428572,9.251764152731214,9.251764152731214,1.0
870000,5.8589044,0.58679116,0.10084357,9.135207e-05,0.4674502,170.54545454545453,9.287683010101318,9.287683010101318,1.0
880000,5.640867,0.42507678,0.09119804,9.124494e-05,0.44006836,157.0,9.256289330395786,9.256289330395786,1.0
890000,6.55187,0.65427303,0.09912059,9.11514e-05,0.47744218,141.0,9.42366760969162,9.42366760969162,1.0
900000,6.2395005,0.64481485,0.098970965,9.105691e-05,0.48426262,162.1,9.328371846675873,9.328371846675873,1.0
910000,6.6300344,0.5773355,0.100323595,9.095174e-05,0.4964854,158.14285714285714,9.33097881930215,9.33097881930215,1.0
920000,5.967599,0.5879451,0.098229155,9.084579e-05,0.4612293,157.66666666666666,9.738246134349279,9.738246134349279,1.0
930000,6.2068796,0.5357053,0.09776021,9.074751e-05,0.41761622,195.25,10.439842522144318,10.439842522144318,1.0
940000,5.701294,0.49359483,0.09558149,9.064958e-05,0.47759447,162.16666666666666,9.123735113577409,9.123735113577409,1.0
950000,5.886106,0.5353325,0.10185417,9.054256e-05,0.40930253,158.22222222222223,9.29897932211558,9.29897932211558,1.0
960000,6.2627196,0.51835066,0.09470362,9.044864e-05,0.48403466,172.25,11.439340567588806,11.439340567588806,1.0
970000,6.3986306,0.71160305,0.095239,9.0353555e-05,0.4301931,158.375,9.346887644131979,9.346887644131979,1.0
980000,5.363021,0.5149425,0.1042363,9.025147e-05,0.47184154,176.23333333333332,9.230427180567096,9.230427180567096,1.0
990000,5.4992347,0.5910758,0.097676225,9.014977e-05,0.48408195,168.78571428571428,9.272428393363953,9.272428393363953,1.0
1000000,5.796056,0.61072946,0.09723164,9.005082e-05,0.43806335,163.30769230769232,10.09653704900008,10.09653704900008,1.0
1010000,6.9112344,0.72796166,0.09660582,8.9955116e-05,0.3862998,176.0,11.863565534353256,11.863565534353256,1.0
1020000,6.757666,0.68695253,0.10618041,8.985048e-05,0.36778784,165.8,11.39357225894928,11.39357225894928,1.0
1030000,7.3337264,0.7422326,0.09873696,8.974431e-05,0.34205624,150.83333333333334,9.337340493996939,9.337340493996939,1.0
1040000,6.3714514,0.66952366,0.09630584,8.964869e-05,0.3920051,159.83333333333334,9.331492920716604,9.331492920716604,1.0
1050000,6.728546,0.57228297,0.09686672,8.9551955e-05,0.42761093,188.85714285714286,15.209954738616943,15.209954738616943,1.0
1060000,6.08901,0.8100763,0.10694137,8.945147e-05,0.428831,167.19230769230768,9.299951159037077,9.299951159037077,1.0
1070000,6.3151994,0.60725594,0.10145813,8.9352616e-05,0.42384356,157.2,10.523203452428183,10.523203452428183,1.0
1080000,6.4508195,0.8257407,0.096873336,8.9245754e-05,0.39825568,168.4,9.14612590521574,9.14612590521574,1.0
1090000,5.746433,0.6135529,0.0980563,8.914634e-05,0.38479516,165.64285714285714,9.296492099761963,9.296492099761963,1.0
1100000,6.089016,0.626519,0.09897665,8.904891e-05,0.34044123,177.14285714285714,9.245823468480792,9.245823468480792,1.0
1110000,6.111575,0.6777822,0.09447899,8.894443e-05,0.38009098,174.0,9.269778773188591,9.269778773188591,1.0
1120000,6.257949,0.62732345,0.09900631,8.8848625e-05,0.38812426,183.33333333333334,9.193754434585571,9.193754434585571,1.0
1130000,6.2831626,0.6965858,0.09164076,8.875232e-05,0.40566495,168.57894736842104,9.287519015763936,9.287519015763936,1.0
1140000,6.575083,0.8067876,0.104438104,8.865271e-05,0.40516642,168.5,9.254240700176783,9.254240700176783,1.0
1150000,6.6563597,0.81528664,0.09838261,8.854758e-05,0.45950282,145.46666666666667,9.346218578020732,9.346218578020732,1.0
1160000,6.3307877,0.6382673,0.10074332,8.844801e-05,0.4728703,170.88888888888889,10.99344258175956,10.99344258175956,1.0
1170000,6.056579,0.58988637,0.09206279,8.834443e-05,0.497958,199.0909090909091,8.73590207641775,8.73590207641775,1.0
1180000,5.8246083,0.6301969,0.09337868,8.824484e-05,0.4937809,152.0,9.337945580482483,9.337945580482483,1.0
1190000,6.4616556,0.8311592,0.09489186,8.815015e-05,0.51257473,173.58333333333334,11.835974683364233,11.835974683364233,1.0
1200000,6.336045,0.5765971,0.09756696,8.804351e-05,0.51772404,157.64285714285714,9.967280800525959,9.967280800525959,1.0
1210000,6.5670967,0.5071336,0.10248442,8.794732e-05,0.46732706,199.2,12.68481190999349,12.68481190999349,1.0
1220000,6.2387686,0.72783566,0.09307687,8.7851746e-05,0.474975,168.0,9.289648473262787,9.289648473262787,1.0
1230000,6.802686,0.63132435,0.09776456,8.774582e-05,0.46385074,155.46153846153845,10.169563696934627,10.169563696934627,1.0
1240000,6.3565497,0.89327914,0.09716363,8.764887e-05,0.4352868,186.76,11.53055410861969,11.53055410861969,1.0
1250000,6.262164,0.7469797,0.10314256,8.7549364e-05,0.4014364,176.94117647058823,9.24142416084514,9.24142416084514,1.0
1260000,6.5200286,0.75087017,0.096209906,8.745192e-05,0.42145592,166.875,11.931276515126228,11.931276515126228,1.0
1270000,6.779171,0.8254798,0.09962122,8.735516e-05,0.41743279,191.63636363636363,10.024181997776031,10.024181997776031,1.0
1280000,6.481732,0.9124012,0.096661836,8.72456e-05,0.4544535,159.1,9.340859186081659,9.340859186081659,1.0
1290000,5.9607177,0.6113672,0.09861848,8.714858e-05,0.4178125,143.83333333333334,9.402444819609324,9.402444819609324,1.0
1300000,5.977523,0.71995205,0.094317734,8.705087e-05,0.4385641,164.42105263157896,9.327299444298996,9.327299444298996,1.0
1310000,6.1723585,0.71685475,0.09296165,8.695143e-05,0.4489731,172.28571428571428,9.789831865401496,9.789831865401496,1.0
1320000,5.8434267,0.83634776,0.10131099,8.684836e-05,0.41780156,169.2173913043478,9.299388014751932,9.299388014751932,1.0
1330000,6.9182954,0.8805487,0.09341437,8.674954e-05,0.38544083,174.0,11.91785442829132,11.91785442829132,1.0
1340000,7.7147665,0.8122174,0.09278687,8.6656495e-05,0.3854181,None,None,None,1.0
1350000,8.424587,0.80714244,0.09804307,8.65541e-05,0.37307298,None,None,None,1.0
1360000,7.3372803,0.84481025,0.09522232,8.644807e-05,0.44865584,204.10526315789474,11.57572406844089,11.57572406844089,1.0
1370000,7.701783,0.8607241,0.10594972,8.634256e-05,0.4559851,170.44444444444446,10.600851133465767,10.600851133465767,1.0
1380000,7.9478292,0.8745781,0.10351719,8.624524e-05,0.45914266,166.57142857142858,9.319371417164803,9.319371417164803,1.0
1390000,7.0165744,0.60564816,0.10382584,8.615191e-05,0.50434345,156.76923076923077,9.202385654816261,9.202385654816261,1.0
1400000,6.690589,0.70885694,0.09541091,8.605436e-05,0.47334436,174.30769230769232,9.997377425432205,9.997377425432205,1.0
1410000,6.934485,0.91421473,0.099285915,8.59452e-05,0.42656714,158.85714285714286,9.97252140045166,9.97252140045166,1.0
1420000,6.415713,0.54440266,0.09599427,8.585052e-05,0.44167927,162.0,10.387245845794677,10.387245845794677,1.0
1430000,6.239711,0.7110623,0.09303358,8.575089e-05,0.41829234,164.52380952380952,9.325703751473199,9.325703751473199,1.0
1440000,5.914079,0.6655059,0.099125296,8.5650914e-05,0.39792633,190.58823529411765,8.75824753501836,8.75824753501836,1.0
1450000,6.1721063,0.5207659,0.09851932,8.555563e-05,0.44727945,155.9375,9.368377022445202,9.368377022445202,1.0
1460000,6.528018,0.79013723,0.095888585,8.5454696e-05,0.41231665,145.5,9.07231773932775,9.07231773932775,1.0
1470000,5.5491014,0.47009078,0.0986131,8.53466e-05,0.4424547,172.2173913043478,9.300262180241672,9.300262180241672,1.0
1480000,6.611319,0.8552284,0.102433965,8.524517e-05,0.36605248,179.0,9.269080298287529,9.269080298287529,1.0
1490000,6.3097076,0.5525254,0.09536861,8.515165e-05,0.37689713,157.9,9.359734392166137,9.359734392166137,1.0
1500000,6.355366,0.74528813,0.10931816,8.504361e-05,0.39611527,166.0,9.298299515247345,9.298299515247345,1.0
1510000,5.9221187,0.5937268,0.09705347,8.494719e-05,0.432183,164.2,9.27397486709413,9.27397486709413,1.0
1520000,5.8206487,0.6821041,0.10094662,8.484813e-05,0.4316328,158.84615384615384,9.348900428185097,9.348900428185097,1.0
1530000,6.286673,0.6777159,0.10049732,8.475114e-05,0.43028674,159.83333333333334,9.351183474063873,9.351183474063873,1.0
1540000,6.634768,0.7648107,0.10168958,8.465361e-05,0.44265708,174.9090909090909,9.272377794439143,9.272377794439143,1.0
1550000,6.5482864,0.700493,0.09619658,8.4548185e-05,0.41780162,178.25,11.894584476947784,11.894584476947784,1.0
1560000,6.2579074,0.4662596,0.09665166,8.445131e-05,0.44051751,168.45454545454547,11.220463839444248,11.220463839444248,1.0
1570000,6.817101,0.75081235,0.09909906,8.43563e-05,0.427669,163.4,10.362942385673524,10.362942385673524,1.0
1580000,7.520473,0.9706481,0.10189283,8.4249725e-05,0.4146928,177.4,9.266986918449401,9.266986918449401,1.0
1590000,7.790229,0.78752065,0.09559609,8.414431e-05,0.42543545,211.0,14.402642399072647,14.402642399072647,1.0
1600000,7.2572536,0.645998,0.108445704,8.404716e-05,0.42695025,172.0,11.240075722336769,11.240075722336769,1.0
1610000,7.808125,0.86917436,0.09522142,8.394888e-05,0.4606162,171.0,9.30719467997551,9.30719467997551,1.0
1620000,7.5280304,0.73520005,0.106252566,8.3846e-05,0.4324197,168.5,10.484317964977688,10.484317964977688,1.0
1630000,7.1670423,0.93237954,0.0943105,8.374536e-05,0.44892117,160.1875,9.346092890290652,9.346092890290652,1.0
1640000,6.549645,0.8023056,0.0987954,8.364947e-05,0.46638066,155.88888888888889,9.359851837158203,9.359851837158203,1.0
1650000,5.907107,0.51002705,0.09726556,8.356082e-05,0.37669072,162.6,10.377745401859283,10.377745401859283,1.0
1660000,6.826183,0.7742912,0.100368656,8.345618e-05,0.41516072,167.625,10.626988932490349,10.626988932490349,1.0
1670000,7.4252386,0.79346603,0.097152136,8.335114e-05,0.417489,158.5,9.35735829671224,9.35735829671224,1.0
1680000,6.618588,0.6895973,0.08958078,8.324551e-05,0.38736838,162.72727272727272,9.293409856882962,9.293409856882962,1.0
1690000,6.654733,0.49639437,0.10550401,8.314599e-05,0.4143681,156.33333333333334,9.031130651632944,9.031130651632944,1.0
1700000,7.40567,0.8256856,0.09571224,8.304698e-05,0.39655823,147.33333333333334,9.403860370318094,9.403860370318094,1.0
1710000,6.164172,0.65087634,0.09354883,8.295133e-05,0.39355522,159.25,9.229531608521938,9.229531608521938,1.0
1720000,6.1537404,0.48425794,0.10209707,8.285414e-05,0.41213655,160.13333333333333,9.216987045605977,9.216987045605977,1.0
1730000,6.121348,0.65490496,0.095337234,8.2744984e-05,0.36044884,183.9,10.303167700767517,10.303167700767517,1.0
1740000,6.0195613,0.56788105,0.092509374,8.2645114e-05,0.4262073,174.05,9.264697350953755,9.264697350953755,1.0
1750000,6.589448,0.75763047,0.09255211,8.2545856e-05,0.37296364,163.33333333333334,9.320772801126752,9.320772801126752,1.0
1760000,6.294526,0.4283297,0.10148376,8.244167e-05,0.3884002,163.0,9.338529666264852,9.338529666264852,1.0
1770000,6.048077,0.674459,0.09915914,8.234088e-05,0.3968999,161.625,9.800075950829878,9.800075950829878,1.0
1780000,6.737776,0.9378405,0.10167879,8.224618e-05,0.34118965,177.27272727272728,9.28394615650177,9.28394615650177,1.0
1790000,6.828172,0.739311,0.09874399,8.215013e-05,0.36308286,156.83333333333334,9.360680679480234,9.360680679480234,1.0
1800000,6.7431974,0.8898657,0.09604423,8.204353e-05,0.35904694,162.86666666666667,9.339450526237489,9.339450526237489,1.0
1810000,7.4881387,0.82179666,0.0968385,8.194887e-05,0.37962428,None,None,None,1.0
1820000,7.4065094,0.8983332,0.101421975,8.185375e-05,0.41697857,161.0,9.339553819762337,9.339553819762337,1.0
1830000,7.2735014,0.8211714,0.0997245,8.174816e-05,0.44235507,174.5625,9.264499343931675,9.264499343931675,1.0
1840000,6.688719,0.6503474,0.09589612,8.1650316e-05,0.41653183,139.16666666666666,9.183120975891748,9.183120975891748,1.0
1850000,6.40389,0.7007008,0.10066903,8.155333e-05,0.416351,178.2,9.965473731358847,9.965473731358847,1.0
1860000,6.5607104,0.6810677,0.098016515,8.145539e-05,0.38926536,172.57142857142858,9.301973645503704,9.301973645503704,1.0
1870000,6.069769,0.73972154,0.0957623,8.135487e-05,0.4418939,158.04,9.670124833400433,9.670124833400433,1.0
1880000,6.7197742,0.66223633,0.090872094,8.125852e-05,0.42267734,100.0,7.5920000076293945,7.5920000076293945,1.0
1890000,6.337362,0.7224396,0.0979758,8.114311e-05,0.43469465,160.44444444444446,9.364655214197496,9.364655214197496,1.0
1900000,6.5561213,0.64656496,0.090353176,8.104558e-05,0.43766466,186.6,11.957141139290549,11.957141139290549,1.0
1910000,6.409139,0.5612878,0.10338988,8.094927e-05,0.44939685,156.2,11.058168888092041,11.058168888092041,1.0
1920000,6.944026,0.80833304,0.09421065,8.08449e-05,0.4406333,165.25,9.32985363403956,9.32985363403956,1.0
1930000,6.223753,0.51211745,0.107533775,8.074777e-05,0.45863003,156.92857142857142,9.345772649560656,9.345772649560656,1.0
1940000,6.3968005,0.74453884,0.097239286,8.0650534e-05,0.39348584,152.58333333333334,9.378083686033884,9.378083686033884,1.0
1950000,7.141136,0.87440765,0.10180533,8.054721e-05,0.3894632,176.875,10.592590928077698,10.592590928077698,1.0
1960000,7.241215,0.68109727,0.09672242,8.044951e-05,0.38662395,163.14285714285714,10.50646139894213,10.50646139894213,1.0
1970000,7.202872,0.69120514,0.10349474,8.034477e-05,0.3849423,163.75,11.951750725507736,11.951750725507736,1.0
1980000,7.435354,0.81643033,0.099025905,8.024866e-05,0.36266783,183.14285714285714,10.738115344728742,10.738115344728742,1.0
1990000,7.1710644,0.5860923,0.09822278,8.0155296e-05,0.40421385,227.66666666666666,19.479331970214844,19.479331970214844,1.0
2000000,8.108058,0.683471,0.10371745,8.0049744e-05,0.3767733,186.0,12.713395039240519,12.713395039240519,1.0
2010000,7.8017416,0.7766423,0.09569732,7.994512e-05,0.4233233,156.53846153846155,10.165708697759188,10.165708697759188,1.0
2020000,7.718871,0.83846277,0.09517997,7.98472e-05,0.4262046,163.3846153846154,9.319233866838308,9.319233866838308,1.0
2030000,7.6443453,0.7733816,0.098550335,7.97539e-05,0.44887766,178.8,15.511217927932739,15.511217927932739,1.0
2040000,7.02413,0.7392169,0.09785728,7.965664e-05,0.42525917,155.76923076923077,10.800547113785377,10.800547113785377,1.0
2050000,7.40582,0.77268344,0.102017485,7.9551755e-05,0.36880687,148.0,9.39024794101715,9.39024794101715,1.0
2060000,6.927525,1.0180625,0.0961496,7.9453224e-05,0.3476534,171.76923076923077,9.294163584709167,9.294163584709167,1.0
2070000,6.6315513,0.8049099,0.092864424,7.935644e-05,0.4038112,158.44,9.304264149665833,9.304264149665833,1.0
2080000,6.4988375,0.94672996,0.099613115,7.9245794e-05,0.39170942,177.14285714285714,9.25702840089798,9.25702840089798,1.0
2090000,7.2013083,0.72319376,0.09435964,7.914814e-05,0.3782639,194.2,13.396861672401428,13.396861672401428,1.0
2100000,7.255962,0.8294252,0.09875271,7.90524e-05,0.39280018,180.55555555555554,9.256370094087389,9.256370094087389,1.0
2110000,6.960996,0.7941499,0.09968434,7.894471e-05,0.31217402,168.0,11.013831496238708,11.013831496238708,1.0
2120000,6.7453485,0.82656026,0.09999755,7.88502e-05,0.37569946,162.2,9.342322874069215,9.342322874069215,1.0
2130000,6.3714356,0.8840154,0.09887651,7.875555e-05,0.36381328,164.0,9.303719924555885,9.303719924555885,1.0
2140000,6.7375865,0.8505424,0.10328852,7.8655765e-05,0.39740807,196.0909090909091,9.14670117334886,9.14670117334886,1.0
2150000,7.092516,1.0739429,0.09715599,7.8557234e-05,0.40943852,164.53846153846155,9.332776638177725,9.332776638177725,1.0
2160000,6.7912784,0.82513714,0.10355977,7.844811e-05,0.32831177,198.71428571428572,8.991347176688057,8.991347176688057,1.0
2170000,7.405595,0.80316824,0.10150022,7.8348894e-05,0.32786915,221.33333333333334,19.472307205200195,19.472307205200195,1.0
2180000,6.3997164,0.5766307,0.09547873,7.8253135e-05,0.35780418,143.5,9.417360335588455,9.417360335588455,1.0
2190000,6.847947,0.9565283,0.1013001,7.814665e-05,0.36865032,167.73684210526315,9.318350289997301,9.318350289997301,1.0
2200000,7.3042526,0.7023851,0.09720936,7.805067e-05,0.351788,147.33333333333334,9.402533690134684,9.402533690134684,1.0
2210000,7.118791,0.6477546,0.097648785,7.79566e-05,0.37447754,173.33333333333334,12.739787797133127,12.739787797133127,1.0
2220000,7.371634,0.8833637,0.09641318,7.784972e-05,0.3601488,167.93333333333334,9.318340603510539,9.318340603510539,1.0
2230000,6.8928747,0.8660649,0.097006075,7.775245e-05,0.37191066,172.69230769230768,10.008548021316528,10.008548021316528,1.0
2240000,7.0477448,0.71386576,0.09995369,7.765106e-05,0.4540975,147.2,11.439768218994141,11.439768218994141,1.0
2250000,7.59116,0.7636459,0.09541876,7.7549426e-05,0.39166996,177.28571428571428,12.262314319610596,12.262314319610596,1.0
2260000,6.854119,0.6815516,0.09223659,7.745587e-05,0.45926958,141.63636363636363,9.389606150713833,9.389606150713833,1.0
2270000,7.5439196,0.7492087,0.09802529,7.7348894e-05,0.4856062,159.66666666666666,9.373386359214782,9.373386359214782,1.0
2280000,7.0680513,0.61339027,0.096317016,7.724554e-05,0.4804527,170.1,9.281360907988114,9.281360907988114,1.0
2290000,7.5278535,0.9174075,0.10228241,7.71476e-05,0.38067487,186.57142857142858,9.243510450635638,9.243510450635638,1.0
2300000,7.6607275,0.7151669,0.10075481,7.7053664e-05,0.41708195,163.125,9.291435871805463,9.291435871805463,1.0
2310000,7.078488,0.9888958,0.10125234,7.6946184e-05,0.42397496,173.6153846153846,10.764402738639287,10.764402738639287,1.0
2320000,7.0370903,0.8760685,0.1016396,7.6847995e-05,0.4141462,176.66666666666666,11.364609599113464,11.364609599113464,1.0
2330000,7.635703,0.76567805,0.099963464,7.675363e-05,0.40812135,148.0,9.397367715835571,9.397367715835571,1.0
2340000,7.768285,1.0764787,0.102859676,7.6649405e-05,0.46356317,169.0,9.109718298912048,9.109718298912048,1.0
2350000,6.8252187,0.7121403,0.09797135,7.655153e-05,0.41542566,166.92307692307693,9.969237135006832,9.969237135006832,1.0
2360000,6.8536325,0.8159108,0.09869304,7.6456134e-05,0.3661459,156.4,9.364286577701568,9.364286577701568,1.0
2370000,6.90499,0.61667013,0.095703214,7.635658e-05,0.3972149,213.0,14.194097531338533,14.194097531338533,1.0
2380000,7.293339,0.8842298,0.1053388,7.625858e-05,0.41735578,162.5,9.338909149169922,9.338909149169922,1.0
2390000,7.5841165,0.96021545,0.10180888,7.615167e-05,0.3540087,175.3,9.289065051078797,9.289065051078797,1.0
2400000,6.788641,0.7532994,0.0976148,7.605684e-05,0.39761713,176.6875,9.932372719049454,9.932372719049454,1.0
2410000,6.903683,0.9987149,0.09974981,7.595032e-05,0.38868627,163.64285714285714,9.335922019822258,9.335922019822258,1.0
2420000,6.500918,0.593673,0.103005275,7.5848715e-05,0.39208847,148.11111111111111,9.398087130652534,9.398087130652534,1.0
2430000,5.8546815,0.75657624,0.09801779,7.574922e-05,0.37483886,185.2,8.840990673005582,8.840990673005582,1.0
2440000,6.383835,0.82755655,0.09643638,7.564845e-05,0.45408538,172.10526315789474,9.297690021364312,9.297690021364312,1.0
2450000,5.9013577,0.7056824,0.0996806,7.554824e-05,0.43294573,167.25,10.177036772171656,10.177036772171656,1.0
2460000,5.5178385,0.43630946,0.09546551,7.545171e-05,0.4337654,166.0909090909091,11.213741150769321,11.213741150769321,1.0
2470000,5.60366,0.7347624,0.09598881,7.535152e-05,0.47459173,170.71428571428572,9.235383412667684,9.235383412667684,1.0
2480000,5.7708693,0.6471861,0.0972654,7.525034e-05,0.45138887,156.1875,9.358139134943485,9.358139134943485,1.0
2490000,6.2508197,0.9443717,0.097045995,7.515836e-05,0.44472578,163.0,9.338052647454399,9.338052647454399,1.0
2500000,5.5904474,0.57658446,0.10324124,7.50489e-05,0.4472546,163.72727272727272,9.332357146523215,9.332357146523215,1.0
2510000,5.990613,0.9934752,0.1000737,7.4948446e-05,0.47827083,173.95238095238096,9.697639959199089,9.697639959199089,1.0
2520000,5.483617,0.52801275,0.09965033,7.48563e-05,0.46091846,176.05,9.27483355998993,9.27483355998993,1.0
2530000,6.6298256,1.0638452,0.09806694,7.4756135e-05,0.42989925,226.33333333333334,15.587335705757141,15.587335705757141,1.0
2540000,5.1529408,0.49037555,0.10289194,7.465087e-05,0.45223162,149.875,9.383271723985672,9.383271723985672,1.0
2550000,5.92961,0.80683327,0.096146,7.455151e-05,0.4786543,168.8181818181818,10.262163758277893,10.262163758277893,1.0
2560000,5.7800364,0.7867828,0.09239266,7.445407e-05,0.4085493,156.1875,9.763952009379864,9.763952009379864,1.0
2570000,6.6324,0.8389823,0.097695366,7.4349366e-05,0.38419798,161.16666666666666,9.345740377902985,9.345740377902985,1.0
2580000,6.5557036,0.80692506,0.09992603,7.425161e-05,0.42506528,156.875,9.317776136100292,9.317776136100292,1.0
2590000,6.3930445,0.97288454,0.10192765,7.415081e-05,0.44507337,151.54545454545453,9.385520479895852,9.385520479895852,1.0
2600000,6.8126845,0.63448894,0.099270046,7.405036e-05,0.44463107,160.83333333333334,11.08102148771286,11.08102148771286,1.0
2610000,6.9216404,0.69547623,0.098078385,7.3955314e-05,0.45061737,173.6,9.254467737674712,9.254467737674712,1.0
2620000,6.548471,0.85790956,0.10006122,7.3846706e-05,0.49302006,160.8421052631579,9.747925457201505,9.747925457201505,1.0
2630000,6.56649,0.5820699,0.095714584,7.374902e-05,0.46478397,163.85714285714286,10.66147071974618,10.66147071974618,1.0
2640000,6.4903755,0.7411758,0.09906869,7.3653035e-05,0.47002,163.5,10.610976003110409,10.610976003110409,1.0
2650000,6.5017614,0.86092,0.09777099,7.355459e-05,0.50583345,164.8,9.314135127067566,9.314135127067566,1.0
2660000,6.655236,0.87476444,0.093030885,7.345436e-05,0.48673117,169.72727272727272,9.279398939826272,9.279398939826272,1.0
2670000,6.057315,0.5289363,0.09822248,7.3355215e-05,0.5223532,164.8095238095238,10.29911892754691,10.29911892754691,1.0
2680000,7.1830487,1.1325605,0.098535135,7.3255855e-05,0.4105712,189.41666666666666,10.965259045362473,10.965259045362473,1.0
2690000,6.7939696,0.71751803,0.09919026,7.3145704e-05,0.47732568,175.08333333333334,11.021174480517706,11.021174480517706,1.0
2700000,6.74571,0.5473101,0.1037088,7.305006e-05,0.4030106,149.5,8.887049814065298,8.887049814065298,1.0
2710000,7.2425213,1.0568523,0.09692333,7.295191e-05,0.39371526,169.16666666666666,9.29778786500295,9.29778786500295,1.0
2720000,7.0713115,0.6454218,0.096203126,7.284843e-05,0.42105287,197.66666666666666,14.433821042378744,14.433821042378744,1.0
2730000,7.1426635,0.9931947,0.096165136,7.275083e-05,0.43288544,163.3846153846154,9.331958642372719,9.331958642372719,1.0
2740000,6.0286274,0.85013324,0.09717479,7.264996e-05,0.43177733,159.1851851851852,9.266281172081277,9.266281172081277,1.0
2750000,6.166134,0.86587274,0.0992763,7.254882e-05,0.37218493,197.125,12.667683765292168,12.667683765292168,1.0
2760000,6.1391616,0.86369884,0.09377029,7.244881e-05,0.41861516,161.2,9.234558963775635,9.234558963775635,1.0
2770000,6.056768,0.75881594,0.0970173,7.2347684e-05,0.43212068,159.0,9.295023880221628,9.295023880221628,1.0
2780000,5.6173477,0.7657357,0.09640279,7.22492e-05,0.42315844,160.85714285714286,9.305110471589225,9.305110471589225,1.0
2790000,6.622022,0.97253907,0.096398234,7.2150004e-05,0.35086098,142.57142857142858,9.421167663165502,9.421167663165502,1.0
2800000,6.261305,0.7601898,0.09368034,7.2051604e-05,0.36017847,210.125,12.894730925559998,12.894730925559998,1.0
2810000,6.2309527,0.7170465,0.098515615,7.1955525e-05,0.38229722,140.0,9.427334317794212,9.427334317794212,1.0
2820000,6.027249,0.505491,0.09073283,7.185384e-05,0.38134685,203.41666666666666,10.411734163761139,10.411734163761139,1.0
2830000,6.659355,0.7851095,0.09864324,7.174419e-05,0.3646303,141.16666666666666,9.425717969735464,9.425717969735464,1.0
2840000,6.7694316,0.632789,0.09361288,7.165124e-05,0.363986,156.0,11.440381026268005,11.440381026268005,1.0
2850000,7.0980387,0.8392517,0.104680374,7.1552306e-05,0.31032145,156.6875,9.953328900039196,9.953328900039196,1.0
2860000,7.4627714,0.76548624,0.09958552,7.1448696e-05,0.35230553,186.8,13.420345282554626,13.420345282554626,1.0
2870000,7.8511214,0.8619975,0.096053526,7.135207e-05,0.3164331,143.625,9.415918692946434,9.415918692946434,1.0
2880000,7.039678,0.58356434,0.10240436,7.124984e-05,0.36257863,152.625,9.131010070443153,9.131010070443153,1.0
2890000,7.4978814,0.77627116,0.0979434,7.115361e-05,0.28791818,179.66666666666666,9.273614936404758,9.273614936404758,1.0
2900000,7.604318,0.8192743,0.09572543,7.104684e-05,0.28681946,155.8,9.367498064041138,9.367498064041138,1.0
2910000,7.363832,1.1087412,0.100688286,7.095162e-05,0.34441373,151.75,9.382817596197128,9.382817596197128,1.0
2920000,6.8644795,0.9389771,0.094806455,7.0852e-05,0.32172748,180.3846153846154,10.876541256904602,10.876541256904602,1.0
2930000,7.2109795,0.74577284,0.10492323,7.074417e-05,0.33224502,162.75,10.121789028247198,10.121789028247198,1.0
2940000,6.880701,0.664557,0.08981649,7.064898e-05,0.37216535,154.16666666666666,12.83325711886088,12.83325711886088,1.0
2950000,6.427747,0.53201,0.09740291,7.055369e-05,0.28657737,178.125,9.279047399759293,9.279047399759293,1.0
2960000,6.742182,0.7590115,0.09798987,7.0448325e-05,0.34973004,148.75,11.137717882792154,11.137717882792154,1.0
2970000,6.8959765,0.919739,0.10063798,7.035358e-05,0.3061568,141.9047619047619,9.326330054373969,9.326330054373969,1.0
2980000,6.265162,0.6462827,0.096911825,7.025378e-05,0.37033585,163.71428571428572,9.337464043072291,9.337464043072291,1.0
2990000,6.6475415,0.8628748,0.095763,7.0145645e-05,0.33414423,158.8125,9.168111771345139,9.168111771345139,1.0
3000000,7.6207914,0.73013496,0.094530985,7.005141e-05,0.35137436,165.6,10.996207666397094,10.996207666397094,1.0
3010000,7.7180786,0.71157825,0.102464795,6.995532e-05,0.31862167,110.33333333333333,9.550144592920939,9.550144592920939,1.0
3020000,7.0360417,0.8300276,0.092215784,6.9850306e-05,0.34568766,181.77777777777777,11.571327163113487,11.571327163113487,1.0
3030000,6.8444557,0.61331475,0.09969978,6.974714e-05,0.3269739,198.3125,13.17821566388011,13.17821566388011,1.0
3040000,6.921865,1.0861754,0.096303895,6.964682e-05,0.32579747,165.3846153846154,9.3303661438135,9.3303661438135,1.0
3050000,6.4841166,0.7452421,0.10235007,6.95503e-05,0.31809703,166.3,9.299071097373963,9.299071097373963,1.0
3060000,7.3187027,1.0088048,0.093086265,6.945581e-05,0.2915192,198.57142857142858,9.196526714733668,9.196526714733668,1.0
3070000,8.155264,1.1285685,0.09519522,6.935738e-05,0.3349607,146.66666666666666,9.405052979787191,9.405052979787191,1.0
3080000,8.24201,1.1531733,0.09858375,6.925296e-05,0.31940058,160.3,9.347802793979644,9.347802793979644,1.0
3090000,7.5758314,0.7272937,0.099233516,6.914892e-05,0.3272929,219.72727272727272,14.372914717956023,14.372914717956023,1.0
3100000,7.5464773,0.78593266,0.095228925,6.905543e-05,0.2917339,160.0,9.350904440879821,9.350904440879821,1.0
3110000,7.942716,0.9631585,0.094025135,6.895044e-05,0.31589347,173.8,9.095043730735778,9.095043730735778,1.0
3120000,8.081458,0.883725,0.0982458,6.8846406e-05,0.3413738,149.0,9.371088538851057,9.371088538851057,1.0
3130000,8.288252,0.8277203,0.09980245,6.874358e-05,0.30909747,123.0,9.500333786010742,9.500333786010742,1.0
3140000,7.4020047,0.9956602,0.09076112,6.86465e-05,0.3900167,173.625,9.299868656241376,9.299868656241376,1.0
3150000,7.5604897,0.85523766,0.09647728,6.85468e-05,0.36287785,155.5,9.03654772894723,9.03654772894723,1.0
3160000,7.5988135,0.9549614,0.095451966,6.845214e-05,0.33865118,183.14285714285714,12.209551811218262,12.209551811218262,1.0
3170000,7.2547355,0.8606307,0.10162097,6.835563e-05,0.37112814,162.3846153846154,9.18646699648637,9.18646699648637,1.0
3180000,7.249617,1.0026737,0.10358088,6.824832e-05,0.32457733,175.11111111111111,9.289280904663933,9.289280904663933,1.0
3190000,6.763462,0.645929,0.10057392,6.815346e-05,0.41388246,143.2,9.379296978314718,9.379296978314718,1.0
3200000,6.394116,0.75668114,0.095206946,6.805083e-05,0.42651498,166.04347826086956,9.283998152484065,9.283998152484065,1.0
3210000,5.9028378,0.53272504,0.09914847,6.794671e-05,0.4351844,166.1875,10.528049903757433,10.528049903757433,1.0
3220000,6.119536,0.47489136,0.10337931,6.784954e-05,0.39700893,163.57142857142858,10.826999579157148,10.826999579157148,1.0
3230000,5.9040694,0.760612,0.095672466,6.7744535e-05,0.27975377,152.1818181818182,9.356323426420039,9.356323426420039,1.0
3240000,6.6534424,1.0126576,0.10133671,6.765005e-05,0.35005686,141.0,9.428711771965027,9.428711771965027,1.0
3250000,5.7907085,0.503778,0.09915911,6.755289e-05,0.40226626,156.04347826086956,10.590165008669315,10.590165008669315,1.0
3260000,6.8044105,1.0603818,0.09758261,6.745625e-05,0.36528632,145.85714285714286,10.856872115816389,10.856872115816389,1.0
3270000,6.1563206,0.6603929,0.09544323,6.7351655e-05,0.36143038,145.6315789473684,9.397357896754617,9.397357896754617,1.0
3280000,5.8024936,0.7792557,0.09803857,6.7254674e-05,0.39080086,165.5,9.97052551060915,9.97052551060915,1.0
3290000,5.867232,0.5726702,0.10492659,6.716085e-05,0.38336423,152.13333333333333,9.379460716247559,9.379460716247559,1.0
3300000,6.408247,0.8709772,0.097130254,6.705163e-05,0.40285352,146.0,9.408044974009195,9.408044974009195,1.0
3310000,5.3980546,0.67055887,0.10018584,6.69537e-05,0.38858485,156.42857142857142,9.3607451404844,9.3607451404844,1.0
3320000,5.765084,0.492335,0.09609891,6.68559e-05,0.35346287,151.7058823529412,9.266243058092455,9.266243058092455,1.0
3330000,6.7735624,1.0805346,0.09462754,6.6749155e-05,0.37741452,184.77777777777777,13.678860319985283,13.678860319985283,1.0
3340000,5.914984,0.5794286,0.10309093,6.6648136e-05,0.42477238,154.58333333333334,9.372266560792923,9.372266560792923,1.0
3350000,7.2598553,0.9717058,0.097403854,6.654345e-05,0.34567383,164.21428571428572,9.318648274128254,9.318648274128254,1.0
3360000,6.2677774,0.6217919,0.10395046,6.6448294e-05,0.4050556,152.6086956521739,10.252987762292227,10.252987762292227,1.0
3370000,6.4098396,0.89916676,0.10313697,6.634804e-05,0.37291184,159.06666666666666,9.346112259229024,9.346112259229024,1.0
3380000,7.1715226,0.9102059,0.096929125,6.625093e-05,0.34849668,162.33333333333334,9.3417759736379,9.3417759736379,1.0
3390000,7.032245,0.899234,0.09666264,6.615634e-05,0.37328553,170.57142857142858,10.778026751109532,10.778026751109532,1.0
3400000,6.446167,0.9337907,0.096085936,6.604527e-05,0.36289445,152.5,9.376043218374253,9.376043218374253,1.0
3410000,6.8059855,0.8341179,0.09740406,6.594822e-05,0.36350155,160.125,10.645108982920647,10.645108982920647,1.0
3420000,6.904764,0.6173539,0.09900377,6.585315e-05,0.311736,190.25,19.55229155222575,19.55229155222575,1.0
3430000,6.647755,0.8982686,0.10058646,6.574705e-05,0.35300022,155.7058823529412,9.37655805879169,9.37655805879169,1.0
3440000,7.088296,1.0487312,0.099012166,6.564922e-05,0.30375335,157.6818181818182,10.212516150691293,10.212516150691293,1.0
3450000,6.046965,0.66234547,0.09958526,6.555042e-05,0.34537408,155.125,9.37142938375473,9.37142938375473,1.0
3460000,7.538809,0.941473,0.1010607,6.5443906e-05,0.2831829,173.71428571428572,13.462203127997261,13.462203127997261,1.0
3470000,6.636654,0.9290256,0.095127985,6.534737e-05,0.32356754,157.22222222222223,9.36179608768887,9.36179608768887,1.0
3480000,7.1900454,1.0042872,0.101403855,6.525599e-05,0.26437747,166.7058823529412,9.088436277473674,9.088436277473674,1.0
3490000,6.889241,0.8369543,0.09916115,6.5152344e-05,0.32725027,163.14285714285714,9.338019575391497,9.338019575391497,1.0
3500000,6.8726177,0.7216239,0.09807397,6.5045344e-05,0.42054468,159.78571428571428,10.081385893481118,10.081385893481118,1.0
3510000,7.1766276,0.64932954,0.102356516,6.494711e-05,0.37097427,185.44444444444446,13.883616222275627,13.883616222275627,1.0
3520000,6.9974384,0.84815836,0.09645173,6.48522e-05,0.35483855,155.6875,9.365985736250877,9.365985736250877,1.0
3530000,6.816276,0.85573184,0.09794076,6.475265e-05,0.36543655,168.15,11.929493933916092,11.929493933916092,1.0
3540000,6.711762,0.8600014,0.10155698,6.465233e-05,0.36301392,173.76923076923077,9.295265179414015,9.295265179414015,1.0
3550000,7.716821,1.1211736,0.0982153,6.454371e-05,0.29862282,170.45454545454547,11.203982331536032,11.203982331536032,1.0
3560000,7.2313633,1.0635288,0.098945074,6.4449785e-05,0.35534745,144.14285714285714,9.414789131709508,9.414789131709508,1.0
3570000,6.739414,0.94635546,0.09335598,6.435514e-05,0.3711696,159.45833333333334,9.347612311442694,9.347612311442694,1.0
3580000,6.670952,0.90046835,0.10385096,6.425363e-05,0.3824507,158.8,10.049565132459005,10.049565132459005,1.0
3590000,7.002342,0.930017,0.09917289,6.414603e-05,0.3409134,181.0,11.88806837797165,11.88806837797165,1.0
3600000,7.6417117,0.98318624,0.09379448,6.4051164e-05,0.38204676,165.57142857142858,9.325982468468803,9.325982468468803,1.0
3610000,7.033083,0.9324393,0.098664075,6.395544e-05,0.38475236,166.61904761904762,9.318606649126325,9.318606649126325,1.0
3620000,6.895076,0.9742844,0.09782536,6.3847474e-05,0.4290143,157.125,9.35653874774774,9.35653874774774,1.0
3630000,6.7531686,1.0443242,0.09439923,6.374084e-05,0.4009185,174.04347826086956,9.182416376860246,9.182416376860246,1.0
3640000,6.8467402,0.6494862,0.09802404,6.364277e-05,0.40831724,153.41666666666666,9.202371814034201,9.202371814034201,1.0
3650000,6.383287,1.1129031,0.092220165,6.354142e-05,0.3151055,175.39285714285714,9.079638000192313,9.079638000192313,1.0
3660000,6.929135,1.0351214,0.09283601,6.3447056e-05,0.33526194,150.27272727272728,10.32815397869457,10.32815397869457,1.0
3670000,6.434579,1.1219953,0.09948887,6.335289e-05,0.356186,175.71428571428572,10.035872731889997,10.035872731889997,1.0
3680000,7.5874004,1.1628966,0.09787364,6.3244144e-05,0.337019,161.1875,9.345568902790546,9.345568902790546,1.0
3690000,7.491039,1.1328917,0.0946486,6.31495e-05,0.34013477,154.66666666666666,11.097208698590597,11.097208698590597,1.0
3700000,7.2678876,1.0317031,0.092569366,6.3052714e-05,0.3613294,160.375,9.348807029426098,9.348807029426098,1.0
3710000,6.496731,0.9058112,0.09185167,6.295371e-05,0.36438164,167.79166666666666,9.311460668841997,9.311460668841997,1.0
3720000,7.0787077,1.0265185,0.09862005,6.285396e-05,0.34610778,175.0,11.910814090778953,11.910814090778953,1.0
3730000,7.666866,0.96240366,0.09706309,6.2743355e-05,0.35169074,153.71428571428572,10.842317155429296,10.842317155429296,1.0
3740000,7.6690736,1.2521611,0.099572524,6.264703e-05,0.32278574,162.78571428571428,9.333288039479937,9.333288039479937,1.0
3750000,7.1412506,0.77235395,0.09844656,6.25445e-05,0.28766778,215.5,13.453521413107714,13.453521413107714,1.0
3760000,7.8487306,1.0838914,0.09740295,6.244838e-05,0.34833533,158.5,9.336523687839508,9.336523687839508,1.0
3770000,8.15441,1.0700686,0.09415637,6.235171e-05,0.30229217,209.1818181818182,8.602228218858892,8.602228218858892,1.0
3780000,7.500087,1.0091162,0.097434595,6.225068e-05,0.34541705,160.875,10.651846706867218,10.651846706867218,1.0
3790000,6.791084,0.753688,0.10228669,6.216059e-05,0.36727425,178.1764705882353,11.118324349908267,11.118324349908267,1.0
3800000,7.540716,0.9943401,0.09886256,6.20536e-05,0.33899602,167.66666666666666,11.647814167870415,11.647814167870415,1.0
3810000,7.6698203,1.2922823,0.101373516,6.1953004e-05,0.3251979,137.25,9.444499204556147,9.444499204556147,1.0
3820000,6.6686215,0.57666665,0.10401664,6.185271e-05,0.31902927,161.8095238095238,9.24644364629473,9.24644364629473,1.0
3830000,6.957843,0.821067,0.098716535,6.174472e-05,0.3130339,159.5,14.53983348608017,14.53983348608017,1.0
3840000,7.0759025,0.6144388,0.09889506,6.165134e-05,0.32999313,154.2,9.372228407859803,9.372228407859803,1.0
3850000,7.5872407,0.6908665,0.099386096,6.155685e-05,0.28853232,165.11111111111111,10.484981444146898,10.484981444146898,1.0
3860000,7.050813,0.88470614,0.09616618,6.145121e-05,0.33267418,157.84615384615384,9.342564647014324,9.342564647014324,1.0
3870000,7.1150255,0.8405776,0.09799543,6.1352504e-05,0.33258253,158.4375,12.004061094919841,12.004061094919841,1.0
3880000,6.7003436,0.8273703,0.09577097,6.125668e-05,0.34851226,158.5,9.261943879581633,9.261943879581633,1.0
3890000,6.969245,0.7410224,0.09737615,6.114958e-05,0.34040955,144.83333333333334,9.07855772972107,9.07855772972107,1.0
3900000,6.749263,0.67909276,0.093360625,6.1042796e-05,0.38653025,166.1875,9.337821769714356,9.337821769714356,1.0
3910000,6.263219,0.8175478,0.09147271,6.094474e-05,0.34709647,155.33333333333334,9.831382019953294,9.831382019953294,1.0
3920000,6.5449185,0.8762237,0.09800068,6.084793e-05,0.3855133,162.57142857142858,9.263777571065086,9.263777571065086,1.0
3930000,6.7816663,0.8804519,0.092941396,6.075071e-05,0.3574711,155.28571428571428,9.370123999459404,9.370123999459404,1.0
3940000,6.814284,0.74147207,0.10349415,6.065467e-05,0.32717952,168.77777777777777,9.314821283022562,9.314821283022562,1.0
3950000,6.643706,0.7418655,0.09573219,6.054878e-05,0.39382386,162.3846153846154,10.135159281583933,10.135159281583933,1.0
3960000,6.9130616,0.8588361,0.095289886,6.045153e-05,0.37067837,147.11111111111111,9.402207162645128,9.402207162645128,1.0
3970000,6.976837,0.79376185,0.09819355,6.0356462e-05,0.3292997,158.47826086956522,9.352361684260162,9.352361684260162,1.0
3980000,7.14273,0.93240374,0.097391605,6.0248167e-05,0.34358314,155.0,9.366689801216125,9.366689801216125,1.0
3990000,7.0886536,0.7601844,0.10603821,6.0151222e-05,0.35499516,186.57142857142858,9.235963225364685,9.235963225364685,1.0
4000000,7.0616617,0.945779,0.10052595,6.0056005e-05,0.32495165,152.91666666666666,9.372037887573242,9.372037887573242,1.0
4010000,6.520479,0.8128439,0.09643886,5.994896e-05,0.38422963,169.0952380952381,9.805908271244594,9.805908271244594,1.0
4020000,7.3929043,0.9788704,0.099450216,5.9849917e-05,0.3016319,159.0,9.33880180971963,9.33880180971963,1.0
4030000,7.945636,1.157975,0.10152662,5.9752165e-05,0.30624932,150.13333333333333,9.383358335494995,9.383358335494995,1.0
4040000,7.4115458,0.7938811,0.094724275,5.9650727e-05,0.2653724,None,None,None,1.0
4050000,6.718171,0.61840886,0.105993405,5.9556252e-05,0.3179182,151.33333333333334,9.376578720410665,9.376578720410665,1.0
4060000,6.885668,0.83450896,0.0986262,5.945009e-05,0.33786637,162.73684210526315,9.336683856813531,9.336683856813531,1.0
4070000,7.0431666,0.91056406,0.09771428,5.9351332e-05,0.3059469,167.35714285714286,9.319548334394183,9.319548334394183,1.0
4080000,5.964402,0.5680142,0.099356785,5.924381e-05,0.34408325,150.33333333333334,9.20336242984323,9.20336242984323,1.0
4090000,6.5215964,0.9411412,0.0985121,5.9146223e-05,0.35008904,168.46666666666667,9.970360115170479,9.970360115170479,1.0
4100000,6.493069,0.7708936,0.09114245,5.904654e-05,0.3557555,173.66666666666666,10.676321307818094,10.676321307818094,1.0
4110000,6.8779764,0.91470784,0.09952504,5.894787e-05,0.32053888,160.0,10.217700382073721,10.217700382073721,1.0
4120000,6.943932,0.98982954,0.09962911,5.885127e-05,0.29890767,164.0,9.333641767501831,9.333641767501831,1.0
4130000,7.17145,0.7812019,0.0969845,5.8754908e-05,0.32562125,188.66666666666666,9.154677251974741,9.154677251974741,1.0
4140000,6.703446,0.88789046,0.09478555,5.865435e-05,0.36702392,152.8125,10.02429074048996,10.02429074048996,1.0
4150000,7.8093147,1.1760403,0.104213655,5.8548998e-05,0.30999586,173.73333333333332,9.21740829149882,9.21740829149882,1.0
4160000,7.223796,0.6805521,0.09737735,5.844384e-05,0.3725338,134.5,9.446920990943909,9.446920990943909,1.0
4170000,7.2543564,0.55325854,0.10039432,5.8350375e-05,0.38625625,159.0,10.84657779761723,10.84657779761723,1.0
4180000,7.220171,0.8040972,0.09817229,5.8260248e-05,0.37495795,182.72222222222223,9.795701930397435,9.795701930397435,1.0
4190000,7.829615,0.98109186,0.09780468,5.8152986e-05,0.33256796,154.0,10.522510025236341,10.522510025236341,1.0
4200000,7.2766333,1.0217017,0.09831191,5.8056972e-05,0.3369131,146.21428571428572,9.403869926929474,9.403869926929474,1.0
4210000,7.3239822,0.8903035,0.09866342,5.7951383e-05,0.3215132,156.2,9.357960164546967,9.357960164546967,1.0
4220000,8.2716255,1.0159937,0.100095,5.784483e-05,0.2817879,None,None,None,1.0
4230000,8.204776,0.8025131,0.09766764,5.774229e-05,0.31181073,150.16666666666666,9.39962933063507,9.39962933063507,1.0
4240000,7.355764,0.656952,0.09649988,5.764233e-05,0.2912033,207.76470588235293,12.591314726405674,12.591314726405674,1.0
4250000,8.127067,1.1171393,0.09953395,5.7552963e-05,0.32181564,168.75,9.30695067346096,9.30695067346096,1.0
4260000,7.5457397,0.89788103,0.1037876,5.7454436e-05,0.33331555,157.5,10.045396576325098,10.045396576325098,1.0
4270000,7.942432,1.0714092,0.09725063,5.7345598e-05,0.2892162,168.84615384615384,9.300630019261288,9.300630019261288,1.0
4280000,7.520959,0.83538663,0.1047409,5.7249887e-05,0.34100425,158.22222222222223,10.505506661203173,10.505506661203173,1.0
4290000,7.1873364,0.75092787,0.09491493,5.715291e-05,0.39446655,176.63636363636363,10.203190239993008,10.203190239993008,1.0
4300000,7.4590335,1.0148787,0.09843716,5.704477e-05,0.37826663,155.4090909090909,9.369032740592957,9.369032740592957,1.0
4310000,7.098268,0.86549866,0.097649224,5.6947305e-05,0.3749039,161.86666666666667,9.325446756680806,9.325446756680806,1.0
4320000,7.5563807,0.9767245,0.093888044,5.684666e-05,0.3150033,187.0,9.21231822669506,9.21231822669506,1.0
4330000,7.5392756,0.9425187,0.09720621,5.6751975e-05,0.28862414,151.75,9.382425725460052,9.382425725460052,1.0
4340000,6.5257435,0.78148997,0.095037125,5.6656805e-05,0.32565412,173.92857142857142,11.358715406485967,11.358715406485967,1.0
4350000,6.8373027,0.6617204,0.093032725,5.654907e-05,0.3358245,151.71428571428572,9.358543600354876,9.358543600354876,1.0
4360000,7.126955,0.8456977,0.09954099,5.644418e-05,0.3465039,155.8,9.225183844566345,9.225183844566345,1.0
4370000,8.255869,1.1484013,0.09919411,5.6342516e-05,0.27174616,173.8,9.294518446922302,9.294518446922302,1.0
4380000,7.304867,0.75564194,0.09876993,5.624367e-05,0.34059185,154.83333333333334,9.285144984722137,9.285144984722137,1.0
4390000,7.100285,0.80448836,0.10465856,5.6147284e-05,0.26516473,174.7,10.337143516540527,10.337143516540527,1.0
4400000,7.268007,1.0569363,0.09356306,5.6052308e-05,0.30491972,171.08333333333334,9.29141080379486,9.29141080379486,1.0
4410000,7.3823586,0.91586685,0.103500225,5.594342e-05,0.33102033,175.0,12.22357680116381,12.22357680116381,1.0
4420000,6.6543565,0.48784208,0.095624,5.584817e-05,0.32419738,175.4,9.984806227684022,9.984806227684022,1.0
4430000,5.978517,0.7097839,0.09535268,5.5747398e-05,0.3340285,170.35714285714286,10.04832706281117,10.04832706281117,1.0
4440000,6.7086687,0.68422276,0.09798397,5.565146e-05,0.32168642,149.6,13.1202983379364,13.1202983379364,1.0
4450000,6.981881,0.6135682,0.10372168,5.555636e-05,0.3298196,161.91666666666666,11.04218741980466,11.04218741980466,1.0
4460000,6.6702566,0.9540216,0.10164284,5.545238e-05,0.3065923,168.55555555555554,9.31997799873352,9.31997799873352,1.0
4470000,6.923964,0.7778,0.09413259,5.5354747e-05,0.28622133,148.54545454545453,9.389580314809626,9.389580314809626,1.0
4480000,6.1868043,0.57317984,0.097821414,5.5247998e-05,0.33242163,167.57142857142858,10.802523383072444,10.802523383072444,1.0
4490000,7.0073643,0.72829914,0.103479184,5.5142584e-05,0.3063662,157.66666666666666,9.355061769485474,9.355061769485474,1.0
4500000,6.3089657,0.4466738,0.10284296,5.504856e-05,0.27072656,142.875,9.40499958395958,9.40499958395958,1.0
4510000,6.5538955,0.9696596,0.100389406,5.4952696e-05,0.3224228,174.2,10.124379602074622,10.124379602074622,1.0
4520000,6.4238715,0.8548802,0.096266225,5.4850916e-05,0.32327598,164.16666666666666,9.329437474409739,9.329437474409739,1.0
4530000,7.865598,1.1831589,0.103631034,5.4753742e-05,0.3366679,195.5,9.009260404109956,9.009260404109956,1.0
4540000,7.403005,0.9107196,0.1002771,5.464412e-05,0.3332714,156.27272727272728,9.184960636225613,9.184960636225613,1.0
4550000,7.504906,0.7335313,0.10037851,5.45501e-05,0.3616834,172.1818181818182,9.29509338465604,9.29509338465604,1.0
4560000,7.0375037,0.7128457,0.08835541,5.4453034e-05,0.3384886,148.375,9.397299826145172,9.397299826145172,1.0
4570000,7.963155,1.1134093,0.094524726,5.434861e-05,0.31473938,163.0,9.338403224945068,9.338403224945068,1.0
4580000,7.913185,0.99194664,0.10314017,5.4253313e-05,0.31354168,179.66666666666666,13.892898042996725,13.892898042996725,1.0
4590000,7.908451,0.88177603,0.097903684,5.4157987e-05,0.32997698,153.66666666666666,9.363041321436564,9.363041321436564,1.0
4600000,8.125902,0.8965718,0.09767086,5.4052663e-05,0.31263348,164.8,11.221639060974121,11.221639060974121,1.0
4610000,7.2592707,0.9040238,0.10008421,5.3944957e-05,0.29790562,160.76470588235293,9.221459921668558,9.221459921668558,1.0
4620000,7.814779,1.0721147,0.095851846,5.384945e-05,0.27973154,149.125,10.686799883842468,10.686799883842468,1.0
4630000,7.660504,1.0295024,0.09940574,5.3762356e-05,0.29865724,160.76470588235293,9.322972129372989,9.322972129372989,1.0
4640000,6.9568133,1.0092385,0.100086346,5.3655713e-05,0.30366522,160.55555555555554,9.346644123395285,9.346644123395285,1.0
4650000,7.493999,0.9639391,0.09899487,5.3549604e-05,0.27868867,160.875,9.09511323273182,9.09511323273182,1.0
4660000,8.281817,1.0847412,0.098851815,5.3444888e-05,0.3159299,191.8,13.33448281288147,13.33448281288147,1.0
4670000,6.951962,0.6484316,0.09885036,5.334832e-05,0.36275762,160.64705882352942,9.34795191708733,9.34795191708733,1.0
4680000,7.88217,1.052555,0.09065082,5.3252246e-05,0.29796508,155.42857142857142,9.152205268541971,9.152205268541971,1.0
4690000,8.042213,0.98347044,0.10015688,5.3147472e-05,0.32148853,166.33333333333334,11.892454147338867,11.892454147338867,1.0
4700000,7.4291534,0.7552428,0.08529091,5.3053314e-05,0.33185315,172.33333333333334,12.690197547276815,12.690197547276815,1.0
4710000,7.322702,1.0833102,0.093552515,5.2955373e-05,0.294298,155.85714285714286,9.366650899251303,9.366650899251303,1.0
4720000,7.9675326,1.1983125,0.10135428,5.2848896e-05,0.24059136,None,None,None,1.0
4730000,8.196726,0.98551273,0.10252988,5.275509e-05,0.31592858,141.07692307692307,9.34395103271191,9.34395103271191,1.0
4740000,8.190404,0.91751194,0.098177545,5.2651147e-05,0.2839678,192.75,14.447086811065674,14.447086811065674,1.0
4750000,7.0991096,0.97813976,0.09782941,5.2552085e-05,0.34297493,165.57894736842104,10.43148208291907,10.43148208291907,1.0
4760000,7.524086,0.829419,0.09906019,5.2452895e-05,0.35199735,168.83333333333334,10.089945793151855,10.089945793151855,1.0
4770000,7.679633,0.81212246,0.09572117,5.2347063e-05,0.3134556,155.0909090909091,9.3692818663337,9.3692818663337,1.0
4780000,7.6696877,1.1130157,0.09455645,5.2249914e-05,0.32399163,162.71428571428572,10.768495738506317,10.768495738506317,1.0
4790000,8.334136,1.0263851,0.101123676,5.215e-05,0.29140475,134.7,9.452278006076813,9.452278006076813,1.0
4800000,7.988453,0.93634605,0.09644549,5.2049876e-05,0.34206712,156.3,10.40606153011322,10.40606153011322,1.0
4810000,7.884218,1.2558365,0.09490512,5.1953375e-05,0.30010235,159.25,10.65311924368143,10.65311924368143,1.0
4820000,8.992961,1.0877537,0.093362466,5.1848147e-05,0.2914377,170.2,11.403631091117859,11.403631091117859,1.0
4830000,7.507591,0.5913575,0.09482741,5.1744184e-05,0.29109475,166.0,9.326601028442383,9.326601028442383,1.0
4840000,7.9152684,0.5851801,0.094615206,5.1641626e-05,0.3355452,127.0,9.489914894104004,9.489914894104004,1.0
4850000,8.778376,0.82620084,0.10015818,5.154797e-05,0.27799803,162.33333333333334,9.338334302107492,9.338334302107492,1.0
4860000,9.022031,0.98332834,0.09579216,5.1455125e-05,0.33696538,129.33333333333334,9.472409764925638,9.472409764925638,1.0
4870000,7.7349234,0.6574691,0.103433214,5.1349485e-05,0.3196763,178.5,9.275654688477516,9.275654688477516,1.0
4880000,8.459756,0.77475125,0.0946581,5.12555e-05,0.31783068,169.0,14.53797197341919,14.53797197341919,1.0
4890000,8.154408,0.9541194,0.09716529,5.1150466e-05,0.2997285,156.16666666666666,9.339965264002482,9.339965264002482,1.0
4900000,8.051466,1.157712,0.09081706,5.104449e-05,0.32493836,163.5,9.27477078139782,9.27477078139782,1.0
4910000,7.926725,0.9056641,0.09591281,5.0946688e-05,0.347597,140.63636363636363,9.42788209698417,9.42788209698417,1.0
4920000,7.980081,1.1203892,0.10052869,5.085229e-05,0.34004042,161.3,9.34640567302704,9.34640567302704,1.0
4930000,7.6920695,0.7383561,0.10218444,5.0757022e-05,0.39560744,157.4,10.055530047416687,10.055530047416687,1.0
4940000,7.8018746,0.8049636,0.09614493,5.0651084e-05,0.35631698,157.5,9.362514048814774,9.362514048814774,1.0
4950000,6.619164,0.81577635,0.0976817,5.055386e-05,0.4219954,163.41666666666666,10.095767940084139,10.095767940084139,1.0
4960000,7.740103,1.039077,0.10087045,5.0448616e-05,0.38610286,182.11111111111111,11.590774456659952,11.590774456659952,1.0
4970000,7.7528534,0.8056755,0.09800877,5.0347953e-05,0.32347128,180.375,11.872117072343826,11.872117072343826,1.0
4980000,7.4493995,1.0111815,0.10049995,5.025118e-05,0.4020435,159.8,9.343990778923034,9.343990778923034,1.0
4990000,6.8639455,0.8414295,0.09872778,5.0150476e-05,0.39696804,169.625,10.177916914224625,10.177916914224625,1.0
5000000,6.9246807,1.1370739,0.102553524,5.0041763e-05,0.30314913,170.28571428571428,9.239419221878052,9.239419221878052,1.0
5010000,7.6368585,1.1609001,0.095517404,4.9952323e-05,0.37122276,196.0909090909091,9.777597210624002,9.777597210624002,1.0
5020000,7.193759,1.0612837,0.09910653,4.985329e-05,0.35187256,172.84615384615384,9.1428277859321,9.1428277859321,1.0
5030000,8.109658,1.371289,0.096739985,4.9743285e-05,0.32390139,172.0,11.217571822079746,11.217571822079746,1.0
5040000,7.099234,0.87730265,0.10094116,4.9646424e-05,0.41053197,165.14285714285714,10.702392903963725,10.702392903963725,1.0
5050000,6.9663815,0.81311953,0.09491735,4.9549253e-05,0.34626827,152.71428571428572,9.379286791597094,9.379286791597094,1.0
5060000,7.509831,1.0128928,0.099185824,4.9451577e-05,0.37821534,178.25,9.1744617720445,9.1744617720445,1.0
5070000,7.14548,0.92095435,0.09638694,4.935508e-05,0.38553876,180.0909090909091,11.127677364782853,11.127677364782853,1.0
5080000,6.646366,0.7062794,0.09243224,4.9248552e-05,0.32120025,126.0,9.48958969116211,9.48958969116211,1.0
5090000,7.58262,0.83268386,0.101139896,4.9155024e-05,0.37458116,169.83333333333334,11.910869886477789,11.910869886477789,1.0
5100000,6.6325483,1.1139435,0.10047128,4.905495e-05,0.3984794,160.42857142857142,9.348610362836293,9.348610362836293,1.0
5110000,7.0251207,0.77257174,0.09792568,4.8950584e-05,0.48537943,158.0,9.337637583414713,9.337637583414713,1.0
5120000,7.9421263,0.70183605,0.09702785,4.8851485e-05,0.41357815,172.0,12.788834770520529,12.788834770520529,1.0
5130000,6.9123564,0.42217726,0.09823761,4.8755748e-05,0.49630725,168.1,12.429982101917266,12.429982101917266,1.0
5140000,7.004264,0.9233365,0.09578199,4.8648795e-05,0.44924775,157.1578947368421,9.352036306732579,9.352036306732579,1.0
5150000,6.947698,0.69151443,0.09543605,4.8542504e-05,0.44419712,165.0,10.394920289516449,10.394920289516449,1.0
5160000,7.353254,1.1309376,0.095142365,4.844423e-05,0.4306079,153.23809523809524,9.27778216383674,9.27778216383674,1.0
5170000,7.2023587,0.9255074,0.10203196,4.8348516e-05,0.39841852,161.46153846153845,9.343863138785728,9.343863138785728,1.0
5180000,7.266031,0.9674467,0.09734982,4.8252e-05,0.45826837,158.93333333333334,10.04273841381073,10.04273841381073,1.0
5190000,7.5209203,1.0655565,0.096414626,4.8153557e-05,0.4433875,183.71428571428572,9.254683102880206,9.254683102880206,1.0
5200000,7.2532334,0.80138934,0.09782176,4.8043916e-05,0.45382407,158.25,9.348656704028448,9.348656704028448,1.0
5210000,6.8648047,0.76489806,0.10071722,4.794642e-05,0.43291625,177.5,9.278332978487015,9.278332978487015,1.0
5220000,8.037508,1.2515361,0.09312475,4.784879e-05,0.39622045,173.53846153846155,10.902444967856773,10.902444967856773,1.0
5230000,7.0695972,0.95054686,0.09975557,4.7751575e-05,0.46607745,160.2,9.215573382377624,9.215573382377624,1.0
5240000,6.9752584,0.86935836,0.09942277,4.765395e-05,0.48111954,173.94117647058823,9.907364382463342,9.907364382463342,1.0
5250000,6.640794,0.78953063,0.105297245,4.7552756e-05,0.4930644,163.22727272727272,9.242169434374029,9.242169434374029,1.0
5260000,6.972255,1.0571206,0.09870461,4.7451955e-05,0.4079508,179.92307692307693,10.062672184063839,10.062672184063839,1.0
5270000,7.6480556,1.199257,0.096816264,4.7353853e-05,0.410788,176.46153846153845,10.887815172855671,10.887815172855671,1.0
5280000,6.7619305,0.67938244,0.09807481,4.7256286e-05,0.48614463,168.66666666666666,9.308550484975179,9.308550484975179,1.0
5290000,6.8683934,0.7309485,0.09817813,4.7146426e-05,0.45035854,163.26666666666668,10.649296617507934,10.649296617507934,1.0
5300000,6.7362685,0.83680636,0.09553056,4.704499e-05,0.43508652,173.46153846153845,9.298549211942232,9.298549211942232,1.0
5310000,6.9148664,0.8144821,0.09829889,4.6951867e-05,0.39963758,147.75,9.393378771841526,9.393378771841526,1.0
5320000,6.1862974,0.76483595,0.09576634,4.6854868e-05,0.36717716,160.64285714285714,9.186168707334078,9.186168707334078,1.0
5330000,7.53092,1.1358187,0.09667373,4.6746653e-05,0.3336859,163.75,9.331242773267958,9.331242773267958,1.0
5340000,7.8172855,1.0833747,0.09514019,4.6650242e-05,0.36971,176.11111111111111,10.432477328512404,10.432477328512404,1.0
5350000,7.878586,1.0381254,0.103499115,4.655595e-05,0.40801102,147.23076923076923,9.243898272514343,9.243898272514343,1.0
5360000,7.743394,0.9172589,0.09558491,4.645115e-05,0.40418047,160.55555555555554,11.653663290871513,11.653663290871513,1.0
5370000,6.976524,0.7370718,0.09067389,4.634275e-05,0.45384592,167.69230769230768,10.90473303428063,10.90473303428063,1.0
5380000,7.233531,0.93510854,0.098854005,4.6245073e-05,0.37389332,166.5,9.326058557159023,9.326058557159023,1.0
5390000,7.5486474,1.1949404,0.10161929,4.614675e-05,0.3790817,164.6,11.195049426772378,11.195049426772378,1.0
5400000,8.235418,0.96428454,0.100650415,4.60523e-05,0.33541197,126.0,9.487279236316681,9.487279236316681,1.0
5410000,7.355668,0.7902831,0.09710921,4.5947938e-05,0.43723533,158.52631578947367,9.8968264617418,9.8968264617418,1.0
5420000,6.9813623,0.96682644,0.103781156,4.5849854e-05,0.39236382,145.27777777777777,9.98638379573822,9.98638379573822,1.0
5430000,7.8045883,0.7646834,0.09672166,4.575378e-05,0.3478764,169.71428571428572,12.27281756060464,12.27281756060464,1.0
5440000,7.249401,0.85666037,0.10250223,4.5646775e-05,0.34135938,164.75,9.326401223738989,9.326401223738989,1.0
5450000,7.7230663,1.1470602,0.10061989,4.5541816e-05,0.26860029,153.42857142857142,9.368874873433795,9.368874873433795,1.0
5460000,8.285521,0.83276385,0.09920599,4.5447046e-05,0.3302907,180.4,15.52574908733368,15.52574908733368,1.0
5470000,6.153607,0.66101456,0.09393197,4.53506e-05,0.31459594,159.22727272727272,9.210991463877939,9.210991463877939,1.0
5480000,7.8443446,0.9730981,0.09696837,4.5252535e-05,0.33720455,156.2,11.426196193695068,11.426196193695068,1.0
5490000,7.450144,0.88151264,0.09820168,4.514564e-05,0.34994197,161.28571428571428,11.422695211001805,11.422695211001805,1.0
5500000,7.8810425,0.9967705,0.10457962,4.5048888e-05,0.33950865,172.28571428571428,11.459113606384822,11.459113606384822,1.0
5510000,7.684247,1.0043596,0.100595936,4.495179e-05,0.30973953,172.4,9.29631073474884,9.29631073474884,1.0
5520000,7.687689,1.1072176,0.097297624,4.484621e-05,0.29302064,197.2173913043478,11.851563163425611,11.851563163425611,1.0
5530000,6.7167206,0.5993026,0.09964305,4.4748544e-05,0.41485712,175.77777777777777,11.576851381195915,11.576851381195915,1.0
5540000,6.8932743,0.91051805,0.096217,4.4650038e-05,0.4154264,164.76190476190476,10.226486938340324,10.226486938340324,1.0
5550000,6.455266,0.59071475,0.10220516,4.4550987e-05,0.35353747,147.125,10.034448616206646,10.034448616206646,1.0
5560000,7.2166767,1.113013,0.098073475,4.4452805e-05,0.3409535,150.61111111111111,9.38412203391393,9.38412203391393,1.0
5570000,7.627791,0.88819474,0.10113494,4.434414e-05,0.35783935,157.15384615384616,10.15754552070911,10.15754552070911,1.0
5580000,7.418845,0.7835891,0.09600519,4.4250137e-05,0.38132042,160.5,11.302313797175884,11.302313797175884,1.0
5590000,6.6627154,0.7356001,0.09915696,4.41543e-05,0.36283714,155.28571428571428,9.369064007486616,9.369064007486616,1.0
5600000,6.0626254,0.70719606,0.09802227,4.4048847e-05,0.34693852,169.94736842105263,9.316323300202688,9.316323300202688,1.0
5610000,6.9622254,0.8847512,0.10111798,4.394495e-05,0.26559228,229.9,13.906310704621403,13.906310704621403,1.0
5620000,7.76188,0.890227,0.09449889,4.3845717e-05,0.343102,143.8,9.414475464820862,9.414475464820862,1.0
5630000,8.448323,0.9415403,0.088472545,4.3750566e-05,0.3138122,209.0,9.153667509555817,9.153667509555817,1.0
5640000,6.7618165,0.6857999,0.09637753,4.3655567e-05,0.3969218,155.04761904761904,9.24620137810707,9.24620137810707,1.0
5650000,6.797753,0.9941328,0.09694511,4.354563e-05,0.4167879,155.13636363636363,9.371205024097277,9.371205024097277,1.0
5660000,7.469159,1.0673702,0.09473203,4.344712e-05,0.3826332,157.9090909090909,9.266706087372519,9.266706087372519,1.0
5670000,7.4599257,0.8403231,0.10410011,4.335241e-05,0.34127805,166.57142857142858,10.812498501368932,10.812498501368932,1.0
5680000,7.6914663,0.6614722,0.09938428,4.3247353e-05,0.35383326,190.4,13.408922624588012,13.408922624588012,1.0
5690000,7.2959313,0.6275534,0.09675769,4.315158e-05,0.38977897,160.5,9.344163805246353,9.344163805246353,1.0
5700000,6.7942033,0.68828654,0.10119052,4.304756e-05,0.3849606,148.66666666666666,10.949516189098357,10.949516189098357,1.0
5710000,6.7459593,0.6329408,0.09947436,4.2941727e-05,0.38211864,147.41666666666666,10.201391064203703,10.201391064203703,1.0
5720000,7.20146,1.0190376,0.091672115,4.284276e-05,0.35018763,157.94117647058823,9.325615912675858,9.325615912675858,1.0
5730000,6.58837,0.82375085,0.10030485,4.2745374e-05,0.31008512,182.57142857142858,9.262935116887093,9.262935116887093,1.0
5740000,7.992872,0.8395691,0.09890804,4.2651845e-05,0.32074693,143.42857142857142,9.408465164048332,9.408465164048332,1.0
5750000,7.500023,1.1017358,0.09949358,4.254675e-05,0.34061155,143.6,9.409652262926102,9.409652262926102,1.0
5760000,6.935429,0.7809174,0.09698138,4.2451073e-05,0.37098622,182.27272727272728,12.008052804253317,12.008052804253317,1.0
5770000,7.4762936,1.0171204,0.104431786,4.2353015e-05,0.40207174,169.91666666666666,10.941463520129522,10.941463520129522,1.0
5780000,6.993035,0.7389183,0.1008417,4.224452e-05,0.37397057,155.35714285714286,10.158828276854296,10.158828276854296,1.0
5790000,6.969356,0.9519827,0.0952843,4.214757e-05,0.3188606,157.83333333333334,9.365267230914188,9.365267230914188,1.0
5800000,7.7981806,0.92303264,0.09853713,4.2050946e-05,0.28094804,190.5,9.221861690282822,9.221861690282822,1.0
5810000,7.23017,0.7690283,0.101282224,4.1946936e-05,0.35627413,196.625,8.19809840247035,8.19809840247035,1.0
5820000,7.0919414,0.8443139,0.10176977,4.185502e-05,0.35999683,188.2941176470588,11.424041549949084,11.424041549949084,1.0
5830000,7.6609635,1.0326389,0.096859224,4.1746116e-05,0.34866962,216.2,17.416359901428223,17.416359901428223,1.0
5840000,7.644374,0.72213686,0.096493304,4.1648727e-05,0.3609996,158.66666666666666,9.354427615801493,9.354427615801493,1.0
5850000,7.7830176,0.6496239,0.09649458,4.1555868e-05,0.3635456,145.4,11.48462791442871,11.48462791442871,1.0
5860000,7.400694,0.9282815,0.104956865,4.144836e-05,0.3259481,173.66666666666666,9.98320042292277,9.98320042292277,1.0
5870000,8.76449,0.7858685,0.100919224,4.134296e-05,0.33714125,None,None,None,1.0
5880000,9.119951,0.998567,0.10774369,4.12501e-05,0.33998117,146.71428571428572,9.404365931238447,9.404365931238447,1.0
5890000,8.630063,0.951163,0.10153465,4.1155916e-05,0.3789502,165.375,9.330297693610191,9.330297693610191,1.0
5900000,8.634214,1.0130433,0.09423321,4.1048912e-05,0.3357677,164.0,11.217752695083618,11.217752695083618,1.0
5910000,8.480919,1.0885155,0.097289756,4.094462e-05,0.31757462,146.4,9.406166982650756,9.406166982650756,1.0
5920000,8.0319,0.8803301,0.099834464,4.084364e-05,0.38431188,157.53846153846155,9.346012179668133,9.346012179668133,1.0
5930000,8.239602,0.86943924,0.09631047,4.0744184e-05,0.34364876,162.2,11.209091544151306,11.209091544151306,1.0
5940000,8.101366,0.961325,0.09802125,4.0647636e-05,0.39321423,172.4,10.341239035129547,10.341239035129547,1.0
5950000,7.7364182,0.8290703,0.10282604,4.055145e-05,0.39979684,167.875,11.923704385757446,11.923704385757446,1.0
5960000,7.5619392,0.69257355,0.097963795,4.0456023e-05,0.3466366,153.3,10.281535422801971,10.281535422801971,1.0
5970000,8.446287,1.0125812,0.100885496,4.0352235e-05,0.3094664,127.0,9.484334945678711,9.484334945678711,1.0
5980000,7.2946644,0.59778523,0.09851903,4.0249455e-05,0.34620097,149.84615384615384,10.196598208867586,10.196598208867586,1.0
5990000,7.872663,1.003665,0.097946085,4.015417e-05,0.34737653,169.27272727272728,11.973573836413296,11.973573836413296,1.0
6000000,8.160011,0.8060042,0.10509963,4.0048715e-05,0.33555433,160.5,9.34903073310852,9.34903073310852,1.0
6010000,8.274697,0.98149693,0.09908623,3.9943065e-05,0.29884082,181.0,11.848631024360657,11.848631024360657,1.0
6020000,8.0717125,0.66739434,0.10377204,3.984955e-05,0.3502329,151.5,9.385673493146896,9.385673493146896,1.0
6030000,7.2509656,0.8506384,0.10115037,3.9754806e-05,0.32761183,159.2941176470588,9.998844929039478,9.998844929039478,1.0
6040000,7.9655566,1.0065119,0.09675236,3.964685e-05,0.32905716,184.42857142857142,13.162309512495995,13.162309512495995,1.0
6050000,7.7116237,0.6657381,0.09992235,3.954184e-05,0.32877174,191.0,9.225831031799316,9.225831031799316,1.0
6060000,8.034388,1.1019459,0.10057916,3.94463e-05,0.30134138,163.76923076923077,10.940859867976261,10.940859867976261,1.0
6070000,7.70821,0.8813782,0.10652003,3.9350816e-05,0.32082838,147.36363636363637,10.061144276098771,10.061144276098771,1.0
6080000,7.524718,1.0688698,0.09529321,3.9245573e-05,0.31033844,155.93333333333334,9.225769583384196,9.225769583384196,1.0
6090000,7.580279,0.89165765,0.09383954,3.914842e-05,0.3154759,147.25,9.403399482369423,9.403399482369423,1.0
6100000,7.2800264,0.7262234,0.098442875,3.9054994e-05,0.3286672,151.33333333333334,10.231114168961843,10.231114168961843,1.0
6110000,7.938435,1.1179703,0.09897695,3.894934e-05,0.34525058,138.9,9.432859635353088,9.432859635353088,1.0
6120000,7.730972,1.1793516,0.096280925,3.884397e-05,0.2792953,191.63636363636363,11.853476650335573,11.853476650335573,1.0
6130000,7.655327,1.0176369,0.09615858,3.8749975e-05,0.31472954,172.5,9.302296578884125,9.302296578884125,1.0
6140000,7.3011656,0.79622185,0.09991742,3.8656024e-05,0.30117607,157.08333333333334,10.2201536099116,10.2201536099116,1.0
6150000,8.872807,1.1963097,0.097210556,3.855109e-05,0.3107767,156.42857142857142,9.365239211491176,9.365239211491176,1.0
6160000,7.0594244,0.91925526,0.09261914,3.8455135e-05,0.37465057,165.46666666666667,9.865586924552918,9.865586924552918,1.0
6170000,7.7278776,0.81328934,0.10322914,3.8358663e-05,0.34953552,187.0,12.042946815490723,12.042946815490723,1.0
6180000,7.0166516,0.925306,0.099575356,3.8249826e-05,0.3732978,173.0,9.720485313372178,9.720485313372178,1.0
6190000,7.624518,0.66596514,0.09443186,3.8152073e-05,0.32067567,160.6,11.41540994644165,11.41540994644165,1.0
6200000,7.548344,1.0096762,0.100104034,3.8055732e-05,0.33851123,194.25,8.959669530391693,8.959669530391693,1.0
6210000,7.7019653,0.94975567,0.09872908,3.7949194e-05,0.3315172,164.92857142857142,10.821797737053462,10.821797737053462,1.0
6220000,7.9865956,1.161972,0.094678745,3.784642e-05,0.3430981,153.42857142857142,9.376305120331901,9.376305120331901,1.0
6230000,7.5387945,0.6956901,0.09898693,3.7748065e-05,0.32168967,203.5,14.389662265777588,14.389662265777588,1.0
6240000,6.6291804,0.8195579,0.102645844,3.7643706e-05,0.26857913,203.38095238095238,11.351504948877153,11.351504948877153,1.0
6250000,7.166335,0.5871338,0.09918064,3.755164e-05,0.3841658,158.42857142857142,10.127948522567749,10.127948522567749,1.0
6260000,6.3223906,0.5138029,0.10123636,3.7448433e-05,0.33626297,163.4,9.331003665924072,9.331003665924072,1.0
6270000,6.5441623,0.67523897,0.10117529,3.7353668e-05,0.3545292,159.5,9.352658490339914,9.352658490339914,1.0
6280000,6.544834,0.95659816,0.09523204,3.7253885e-05,0.34017524,189.66666666666666,8.944746272904533,8.944746272904533,1.0
6290000,6.4584785,0.8661978,0.0916593,3.7144615e-05,0.34756616,140.77777777777777,9.428211397594875,9.428211397594875,1.0
6300000,6.5080314,0.7262574,0.09999481,3.7047175e-05,0.38440555,161.33333333333334,9.34539583325386,9.34539583325386,1.0
6310000,6.7200665,0.5047166,0.09972696,3.6952166e-05,0.35475066,158.57142857142858,9.356090460504804,9.356090460504804,1.0
6320000,6.267304,0.66217905,0.102376685,3.685776e-05,0.3800098,164.0,10.486843162112766,10.486843162112766,1.0
6330000,7.08788,0.8133259,0.09892141,3.6751313e-05,0.29651842,187.25,9.242810845375061,9.242810845375061,1.0
6340000,6.3148527,0.7019978,0.100902736,3.6654717e-05,0.3423044,173.94117647058823,9.293947072590099,9.293947072590099,1.0
6350000,7.607937,0.9686502,0.09711491,3.6557445e-05,0.34718168,159.33333333333334,9.335456212361654,9.335456212361654,1.0
6360000,7.0264544,0.8860153,0.09609513,3.6452755e-05,0.33647418,162.3,9.34054868221283,9.34054868221283,1.0
6370000,7.9596705,1.1655786,0.09847213,3.634489e-05,0.3205402,167.71428571428572,10.779249123164586,10.779249123164586,1.0
6380000,7.0660076,0.5678793,0.09734516,3.624092e-05,0.3212262,156.5,11.091130375862122,11.091130375862122,1.0
6390000,6.8708205,0.6276355,0.10025444,3.614594e-05,0.31496587,194.45454545454547,10.249098980426789,10.249098980426789,1.0
6400000,7.318762,0.7923972,0.10213522,3.6047422e-05,0.3467071,184.0,14.371594071388245,14.371594071388245,1.0
6410000,7.132426,1.0454307,0.09628052,3.595236e-05,0.2515991,156.0,9.36443539766165,9.36443539766165,1.0
6420000,6.8119364,0.7771751,0.09828866,3.5847403e-05,0.29866564,175.0909090909091,10.227927847342057,10.227927847342057,1.0
6430000,7.4782143,1.0948086,0.10518066,3.5748086e-05,0.33438522,169.16666666666666,11.047767579555511,11.047767579555511,1.0
6440000,6.9041605,0.9077467,0.104824245,3.5650046e-05,0.3630062,170.6153846153846,9.286222980572628,9.286222980572628,1.0
6450000,6.791902,0.7950161,0.102061525,3.5541998e-05,0.3335933,151.28571428571428,9.373856604099274,9.373856604099274,1.0
6460000,7.9653845,1.2419964,0.09235214,3.5447276e-05,0.29688415,146.0,9.396888547473484,9.396888547473484,1.0
6470000,7.53977,0.938163,0.09789234,3.5353816e-05,0.30596432,141.625,10.70733705163002,10.70733705163002,1.0
6480000,7.809256,0.9699887,0.102736674,3.524797e-05,0.32627818,173.57142857142858,10.782275131770543,10.782275131770543,1.0
6490000,7.278669,0.9153986,0.099782735,3.5152825e-05,0.38333166,161.30769230769232,9.78955602645874,9.78955602645874,1.0
6500000,6.8672314,0.96290666,0.095415965,3.5053683e-05,0.38783112,166.8235294117647,9.294343127923852,9.294343127923852,1.0
6510000,7.6334333,0.9795534,0.10002543,3.494458e-05,0.30043083,206.625,12.153066771371025,12.153066771371025,1.0
6520000,6.970226,0.799066,0.09489415,3.4846198e-05,0.330484,166.53846153846155,9.900198153087072,9.900198153087072,1.0
6530000,6.7306075,0.73289156,0.10194342,3.474905e-05,0.36573476,158.78571428571428,9.325460825647626,9.325460825647626,1.0
6540000,6.993184,0.8053509,0.09724556,3.464419e-05,0.36119667,176.4,9.28525069952011,9.28525069952011,1.0
6550000,7.212711,0.6993194,0.10329678,3.4553148e-05,0.29915297,173.2941176470588,10.69731724612853,10.69731724612853,1.0
6560000,6.788936,0.71083975,0.098967806,3.4450033e-05,0.3126292,135.875,9.446976736187935,9.446976736187935,1.0
6570000,7.1036096,1.0539222,0.09314393,3.4347773e-05,0.3129859,183.125,9.25510548055172,9.25510548055172,1.0
6580000,6.8292003,0.52171016,0.10559235,3.4251734e-05,0.29153103,140.8,9.42024819056193,9.42024819056193,1.0
6590000,6.8632073,0.67474943,0.10322535,3.414981e-05,0.2889382,146.66666666666666,9.405006664139885,9.405006664139885,1.0
6600000,7.730895,0.848663,0.10029632,3.4054894e-05,0.3087725,180.08333333333334,12.060220458290793,12.060220458290793,1.0
6610000,6.835878,0.87500703,0.096189484,3.3945787e-05,0.30835763,145.6153846153846,10.135244710104805,10.135244710104805,1.0
6620000,7.244907,0.843034,0.101041265,3.385117e-05,0.3018958,164.2,11.151235270500184,11.151235270500184,1.0
6630000,7.276486,1.020448,0.09613599,3.3754786e-05,0.30678275,163.25,9.331307212511698,9.331307212511698,1.0
6640000,7.3529463,0.75267184,0.1057897,3.3647117e-05,0.32210657,164.57142857142858,10.597966983914375,10.597966983914375,1.0
6650000,6.551552,0.6566001,0.0948394,3.355184e-05,0.27556622,154.63636363636363,9.371497045863759,9.371497045863759,1.0
6660000,7.1164546,0.8661725,0.10064764,3.3457378e-05,0.28896,164.16666666666666,10.185053745905558,10.185053745905558,1.0
6670000,6.652417,0.65818256,0.09622445,3.335091e-05,0.349683,192.33333333333334,12.671754995981852,12.671754995981852,1.0
6680000,7.410512,0.64454377,0.09652637,3.3246542e-05,0.30946034,162.25,11.453250139951706,11.453250139951706,1.0
6690000,6.8607025,0.68314326,0.10150533,3.315141e-05,0.29921815,168.27272727272728,12.165669354525479,12.165669354525479,1.0
6700000,7.3403373,0.8783945,0.094721,3.305219e-05,0.32540333,142.08333333333334,10.127021898825964,10.127021898825964,1.0
6710000,7.3330464,1.0561569,0.09858045,3.295039e-05,0.297783,165.875,9.307608492672443,9.307608492672443,1.0
6720000,7.203524,0.8444709,0.10221491,3.2853426e-05,0.31761116,172.625,11.251583397388458,11.251583397388458,1.0
6730000,7.176837,1.0335902,0.09702186,3.2751657e-05,0.31406707,166.94444444444446,9.786610080136192,9.786610080136192,1.0
6740000,7.6186347,1.1862632,0.10289435,3.265228e-05,0.30573624,169.33333333333334,11.61279202832116,11.61279202832116,1.0
6750000,7.482285,0.76460594,0.10511521,3.2555814e-05,0.32336038,156.30769230769232,9.357648152571459,9.357648152571459,1.0
6760000,7.504922,0.8781276,0.09185283,3.245231e-05,0.3018599,140.55555555555554,9.40946532620324,9.40946532620324,1.0
6770000,8.232302,1.0287468,0.095812835,3.2349948e-05,0.2812003,136.16666666666666,9.447514394919077,9.447514394919077,1.0
6780000,7.8407617,1.1231534,0.09686501,3.2242762e-05,0.26545694,151.0,9.37829284866651,9.37829284866651,1.0
6790000,7.5225306,0.9416416,0.10060519,3.2147946e-05,0.35847452,160.0,11.221066865054043,11.221066865054043,1.0
6800000,7.20407,0.8107219,0.10104239,3.2051998e-05,0.27582785,188.2,13.316084241867065,13.316084241867065,1.0
6810000,7.1905055,0.96339494,0.103971675,3.1944932e-05,0.29251647,163.26666666666668,10.067532394613538,10.067532394613538,1.0
6820000,6.998619,0.76780087,0.09635326,3.1846022e-05,0.33400622,176.5,10.456566664907667,10.456566664907667,1.0
6830000,7.4091144,1.0349085,0.10139722,3.175157e-05,0.33592921,147.33333333333334,9.956829832659828,9.956829832659828,1.0
6840000,7.4615555,1.1572398,0.09619364,3.1652595e-05,0.34632316,152.06666666666666,10.059462030728659,10.059462030728659,1.0
6850000,6.6957126,0.6211856,0.09541385,3.1548603e-05,0.3556014,172.9,11.383358705043793,11.383358705043793,1.0
6860000,6.219801,0.58258355,0.097466365,3.1451527e-05,0.4232323,151.26315789473685,9.38342769522416,9.38342769522416,1.0
6870000,5.962701,0.79585326,0.0967046,3.1360494e-05,0.33178556,156.57142857142858,9.357152349608285,9.357152349608285,1.0
6880000,6.537407,0.8953894,0.09918371,3.125411e-05,0.28893945,145.0,9.409666776657104,9.409666776657104,1.0
6890000,7.2089057,0.91633636,0.10122111,3.1149128e-05,0.35752136,160.93333333333334,10.47143231232961,10.47143231232961,1.0
6900000,7.8589435,1.1362474,0.10245405,3.1050753e-05,0.35195297,183.22222222222223,11.569786323441399,11.569786323441399,1.0
6910000,7.6921277,1.1075385,0.097222105,3.0954823e-05,0.32731265,157.125,9.360487654805183,9.360487654805183,1.0
6920000,7.3376827,0.875854,0.099967584,3.084934e-05,0.3286995,156.83333333333334,12.83576637506485,12.83576637506485,1.0
6930000,7.0024323,0.92075324,0.10125671,3.0746407e-05,0.30492285,150.2941176470588,9.389772793825935,9.389772793825935,1.0
6940000,7.4070005,1.1026435,0.098271534,3.0648873e-05,0.30120602,154.7,9.169368147850037,9.169368147850037,1.0
6950000,8.143711,1.2689683,0.10310235,3.0544048e-05,0.3597662,168.27272727272728,11.419027662277221,11.419027662277221,1.0
6960000,6.4758234,0.87689507,0.1055392,3.0444702e-05,0.41427857,158.79166666666666,10.176528024673463,10.176528024673463,1.0
6970000,7.7704725,1.16309,0.09939798,3.034592e-05,0.2901045,161.41666666666666,9.178307970364889,9.178307970364889,1.0
6980000,6.681012,0.84011436,0.09284334,3.024545e-05,0.42711768,186.0952380952381,13.279160397393364,13.279160397393364,1.0
6990000,7.104865,0.9204501,0.10591835,3.0136809e-05,0.41185373,159.36363636363637,10.213256879286332,10.213256879286332,1.0
7000000,7.10083,0.540558,0.084266804,3.0049567e-05,0.36319244,152.2,10.427481973171234,10.427481973171234,1.0
7010000,7.8068295,1.2482377,0.10016117,2.9955185e-05,0.34957916,151.0,9.387487063805262,9.387487063805262,1.0
7020000,7.1122136,0.6943952,0.0951619,2.9847017e-05,0.28013968,180.625,13.186904415488243,13.186904415488243,1.0
7030000,7.8134756,0.82508075,0.09527024,2.9742698e-05,0.3060233,158.2,9.357446146011352,9.357446146011352,1.0
7040000,7.17132,0.84599364,0.09809135,2.9646724e-05,0.34667012,152.23529411764707,9.992567798670601,9.992567798670601,1.0
7050000,7.600001,1.1477046,0.10386908,2.955001e-05,0.3186131,154.8181818181818,9.189141392707825,9.189141392707825,1.0
7060000,7.092147,0.86689395,0.09761391,2.9443327e-05,0.28894573,152.68421052631578,9.379340469837189,9.379340469837189,1.0
7070000,6.9078197,0.9696525,0.10179594,2.9345943e-05,0.34018743,157.64705882352942,9.93278588189019,9.93278588189019,1.0
7080000,7.7247925,0.8355241,0.09745946,2.924916e-05,0.32226804,161.5,9.344738483428955,9.344738483428955,1.0
7090000,7.263552,0.89705217,0.09754641,2.9152367e-05,0.3439534,159.0,9.353770424922308,9.353770424922308,1.0
7100000,6.871113,0.885664,0.10369681,2.9046882e-05,0.30214423,173.08333333333334,10.069773028294245,10.069773028294245,1.0
7110000,7.3365736,0.87862986,0.09598675,2.8951035e-05,0.30539396,169.25,9.307393997907639,9.307393997907639,1.0
7120000,7.3176565,0.7630202,0.104179606,2.8843471e-05,0.34220448,158.375,11.968478128314018,11.968478128314018,1.0
7130000,8.515259,1.1117309,0.10144925,2.8746428e-05,0.30659676,212.0,12.461319824059805,12.461319824059805,1.0
7140000,7.3660913,1.0333762,0.09609195,2.8651202e-05,0.29602715,160.83333333333334,11.08252070347468,11.08252070347468,1.0
7150000,7.7642546,0.869712,0.10357823,2.8546376e-05,0.30049014,220.0,12.67693205922842,12.67693205922842,1.0
7160000,7.607805,0.9480164,0.099787846,2.8441635e-05,0.27663714,179.66666666666666,12.744777262210846,12.744777262210846,1.0
7170000,8.388726,1.0051464,0.09880214,2.8348115e-05,0.27849805,148.66666666666666,9.395033836364746,9.395033836364746,1.0
7180000,8.334333,0.7970178,0.0999444,2.8244704e-05,0.32182825,183.0,15.519013023376464,15.519013023376464,1.0
7190000,7.6289177,0.75774276,0.09138742,2.8148668e-05,0.3527293,169.0,11.802736729383469,11.802736729383469,1.0
7200000,7.997949,0.539193,0.09906436,2.805373e-05,0.33938998,199.16666666666666,16.13933579126994,16.13933579126994,1.0
7210000,7.0970287,1.002133,0.09802922,2.7945896e-05,0.3438075,158.5625,9.349858835339546,9.349858835339546,1.0
7220000,7.7034655,0.9238154,0.099899545,2.7846594e-05,0.32785147,173.13333333333333,14.144671479860941,14.144671479860941,1.0
7230000,7.059434,1.0021831,0.10046655,2.7750782e-05,0.31761438,165.28571428571428,10.31192003545307,10.31192003545307,1.0
7240000,8.33094,1.1718131,0.089952305,2.7656688e-05,0.25930053,149.25,9.379790514707565,9.379790514707565,1.0
7250000,6.797818,0.7024221,0.093283735,2.7550972e-05,0.31846482,201.11764705882354,13.201236298855614,13.201236298855614,1.0
7260000,7.067941,0.84318185,0.09701289,2.744922e-05,0.32895932,175.5,9.278873860836029,9.278873860836029,1.0
